station,year,precip_annual_sum,t_med_annual_mean,t_max_annual_mean,t_min_annual_mean,spei3_annual_mean,n_months,pct_dry,pct_wet,pct_normal
Baltata,1961,384.8,9.52,14.81,4.39,-0.59,10,50.0,0.0,50.0
Baltata,1962,439.1,10.22,15.42,5.1,-0.26,12,33.3,16.7,50.0
Baltata,1963,627.0,10.44,15.56,4.93,-0.07,12,33.3,8.3,58.3
Baltata,1964,592.9,10.18,15.38,5.01,0.21,12,8.3,16.7,75.0
Baltata,1965,764.0,9.92,15.22,4.52,0.53,12,0.0,16.7,83.3
Baltata,1966,636.7,9.64,14.93,4.45,0.19,12,16.7,25.0,58.3
Baltata,1967,518.6,9.74,14.92,4.25,-0.01,12,8.3,16.7,75.0
Baltata,1968,452.1,9.38,14.53,4.23,-0.22,12,33.3,25.0,41.7
Baltata,1969,359.6,9.05,14.43,3.86,-0.39,12,33.3,8.3,58.3
Baltata,1970,537.0,9.64,14.71,4.3,-0.05,12,16.7,8.3,75.0
Baltata,1971,745.4,9.83,15.34,4.41,0.26,12,16.7,25.0,58.3
Baltata,1972,423.1,10.15,15.35,4.78,-0.16,12,33.3,25.0,41.7
Baltata,1973,336.4,9.32,14.84,3.87,-0.34,12,41.7,8.3,50.0
Baltata,1974,514.7,10.03,15.36,4.89,-0.1,12,16.7,0.0,83.3
Baltata,1975,376.1,9.69,15.1,4.47,-0.42,12,41.7,0.0,58.3
Baltata,1976,505.6,10.86,16.07,5.61,-0.17,12,16.7,16.7,66.7
Baltata,1977,468.0,10.21,15.46,4.86,-0.26,12,33.3,25.0,41.7
Baltata,1978,700.2,8.84,14.27,3.62,0.54,12,0.0,33.3,66.7
Baltata,1979,603.2,10.71,15.78,5.5,0.16,12,0.0,16.7,83.3
Baltata,1980,427.2,8.85,14.05,3.59,-0.28,12,25.0,0.0,75.0
Baltata,1981,410.6,9.66,14.78,4.32,-0.26,12,33.3,16.7,50.0
Baltata,1982,350.2,9.78,14.88,4.32,-0.4,12,41.7,25.0,33.3
Baltata,1983,615.4,10.88,16.09,5.52,-0.2,12,33.3,16.7,50.0
Baltata,1984,584.7,9.68,15.06,4.43,0.35,12,8.3,25.0,66.7
Baltata,1985,579.8,9.34,14.53,4.03,0.11,12,25.0,25.0,50.0
Baltata,1986,556.4,10.69,15.7,5.32,-0.09,12,33.3,8.3,58.3
Baltata,1987,534.3,10.76,15.92,5.42,-0.04,12,8.3,16.7,75.0
Baltata,1988,656.5,9.8,15.25,4.62,0.18,12,8.3,8.3,83.3
Baltata,1989,650.0,9.71,15.12,4.4,0.34,12,0.0,16.7,83.3
Baltata,1990,648.7,10.36,15.67,4.95,0.12,12,8.3,25.0,66.7
Baltata,1991,708.1,10.23,15.6,4.82,0.47,12,25.0,41.7,33.3
Baltata,1992,801.8,10.52,15.75,5.28,0.43,12,0.0,16.7,83.3
Baltata,1993,620.9,9.0,14.2,3.92,0.39,12,0.0,25.0,75.0
Baltata,1994,642.2,10.33,15.72,4.86,0.09,12,8.3,8.3,83.3
Baltata,1995,381.0,9.22,14.67,4.02,-0.26,12,33.3,16.7,50.0
Baltata,1996,700.9,9.41,14.91,4.32,0.36,12,0.0,8.3,91.7
Baltata,1997,530.2,9.5,14.81,4.27,0.14,12,16.7,16.7,66.7
Baltata,1998,505.2,10.93,15.87,5.31,-0.25,12,33.3,16.7,50.0
Baltata,1999,417.0,9.14,14.62,3.92,-0.21,12,16.7,8.3,75.0
Baltata,2000,712.3,10.39,15.6,4.91,0.33,12,0.0,16.7,83.3
Baltata,2001,407.4,10.62,15.81,5.16,-0.33,12,33.3,8.3,58.3
Baltata,2002,407.1,9.16,14.35,3.75,-0.42,12,33.3,8.3,58.3
Baltata,2003,510.8,9.48,14.81,4.08,-0.06,12,16.7,16.7,66.7
Baltata,2004,570.0,10.73,15.87,5.34,0.04,12,16.7,16.7,66.7
Baltata,2005,572.8,9.5,14.75,4.33,0.13,12,16.7,8.3,75.0
Baltata,2006,506.3,9.51,14.79,4.18,-0.13,12,33.3,25.0,41.7
Baltata,2007,568.6,9.54,14.8,4.45,0.16,12,0.0,8.3,91.7
Baltata,2008,502.4,9.62,14.78,4.51,-0.04,12,25.0,0.0,75.0
Baltata,2009,407.8,9.57,14.97,4.2,-0.34,12,33.3,0.0,66.7
Baltata,2010,376.2,9.59,14.93,4.42,-0.33,12,25.0,8.3,66.7
Baltata,2011,641.5,9.77,15.02,4.53,0.24,12,8.3,16.7,75.0
Baltata,2012,629.3,9.54,14.95,4.4,0.14,12,8.3,16.7,75.0
Baltata,2013,585.7,9.67,14.98,4.31,0.11,12,25.0,33.3,41.7
Baltata,2014,448.3,9.92,15.15,4.58,-0.22,12,25.0,16.7,58.3
Baltata,2015,691.6,10.39,15.52,5.18,0.31,12,0.0,8.3,91.7
Baltata,2016,625.3,8.38,13.89,3.23,0.19,12,0.0,16.7,83.3
Baltata,2017,645.5,10.77,16.09,5.52,0.28,12,16.7,25.0,58.3
Baltata,2018,515.5,9.55,14.92,4.49,-0.1,12,8.3,0.0,91.7
Baltata,2019,682.2,8.88,14.23,3.85,0.38,12,0.0,25.0,75.0
Baltata,2020,405.5,9.33,14.31,4.08,-0.26,12,25.0,0.0,75.0
Balti,1961,349.5,9.92,15.09,4.73,-0.66,10,30.0,0.0,70.0
Balti,1962,558.1,10.22,15.42,5.16,-0.07,12,25.0,33.3,41.7
Balti,1963,536.4,8.98,14.48,3.8,0.15,12,8.3,8.3,83.3
Balti,1964,586.1,9.6,14.86,4.47,0.16,12,16.7,25.0,58.3
Balti,1965,497.2,9.38,14.79,4.21,-0.17,12,33.3,25.0,41.7
Balti,1966,841.9,9.62,14.87,4.43,0.71,12,0.0,41.7,58.3
Balti,1967,485.6,9.26,14.37,3.88,0.04,12,8.3,16.7,75.0
Balti,1968,454.7,9.93,15.16,4.91,-0.14,12,25.0,16.7,58.3
Balti,1969,511.7,10.38,15.44,5.18,-0.14,12,8.3,0.0,91.7
Balti,1970,467.8,9.5,14.9,4.43,-0.17,12,33.3,8.3,58.3
Balti,1971,439.3,8.99,14.34,4.05,0.02,12,8.3,8.3,83.3
Balti,1972,492.4,10.16,15.37,5.2,-0.13,12,16.7,8.3,75.0
Balti,1973,391.6,10.57,15.72,5.4,-0.42,12,41.7,8.3,50.0
Balti,1974,467.6,10.64,15.76,5.48,-0.28,12,25.0,8.3,66.7
Balti,1975,510.9,9.69,14.84,4.36,-0.05,12,16.7,8.3,75.0
Balti,1976,579.4,9.26,14.56,3.87,0.2,12,25.0,33.3,41.7
Balti,1977,600.2,9.89,15.13,4.68,0.14,12,16.7,25.0,58.3
Balti,1978,614.2,9.93,15.12,4.83,0.15,12,8.3,8.3,83.3
Balti,1979,500.6,9.71,14.95,4.46,-0.06,12,16.7,16.7,66.7
Balti,1980,555.8,10.02,15.2,4.53,0.12,12,0.0,16.7,83.3
Balti,1981,406.0,9.76,14.94,4.44,-0.37,12,41.7,8.3,50.0
Balti,1982,578.0,10.16,15.47,4.84,0.05,12,16.7,33.3,50.0
Balti,1983,548.7,10.63,15.88,5.26,0.12,12,8.3,25.0,66.7
Balti,1984,377.0,11.12,16.37,5.78,-0.58,12,41.7,0.0,58.3
Balti,1985,607.3,10.02,15.38,4.82,0.25,12,16.7,16.7,66.7
Balti,1986,596.6,10.3,15.4,5.06,-0.11,12,25.0,16.7,58.3
Balti,1987,571.0,7.46,12.96,2.32,0.5,12,0.0,33.3,66.7
Balti,1988,563.9,9.82,15.13,4.39,0.15,12,8.3,16.7,75.0
Balti,1989,559.9,9.15,14.49,4.02,0.24,12,16.7,25.0,58.3
Balti,1990,527.6,10.91,15.9,5.7,-0.26,12,41.7,33.3,25.0
Balti,1991,479.4,9.28,14.6,4.09,0.08,12,25.0,25.0,50.0
Balti,1992,513.7,10.15,15.47,4.86,-0.07,12,25.0,25.0,50.0
Balti,1993,510.9,9.92,15.21,4.71,-0.02,12,25.0,25.0,50.0
Balti,1994,359.3,9.57,14.73,4.36,-0.36,12,41.7,8.3,50.0
Balti,1995,538.4,9.73,14.89,4.58,0.06,12,0.0,25.0,75.0
Balti,1996,632.2,9.95,15.02,4.48,0.15,12,8.3,16.7,75.0
Balti,1997,522.4,9.52,14.84,4.35,-0.04,12,25.0,16.7,58.3
Balti,1998,778.4,10.85,15.9,5.52,0.51,12,0.0,33.3,66.7
Balti,1999,402.0,9.54,14.71,4.43,-0.3,12,25.0,0.0,75.0
Balti,2000,514.2,9.14,14.84,4.04,0.05,12,0.0,25.0,75.0
Balti,2001,492.0,10.16,15.43,4.92,-0.15,12,33.3,16.7,50.0
Balti,2002,599.1,9.56,15.0,4.38,0.22,12,16.7,33.3,50.0
Balti,2003,505.5,9.1,14.32,3.87,-0.05,12,8.3,0.0,91.7
Balti,2004,507.5,8.09,13.45,3.28,0.16,12,16.7,33.3,50.0
Balti,2005,671.0,10.19,15.18,4.77,0.29,12,8.3,16.7,75.0
Balti,2006,499.2,9.12,14.63,3.96,-0.05,12,33.3,25.0,41.7
Balti,2007,456.3,9.59,14.82,4.53,-0.02,12,0.0,16.7,83.3
Balti,2008,749.2,10.09,15.52,4.93,0.49,12,16.7,33.3,50.0
Balti,2009,460.3,9.28,14.78,3.87,-0.18,12,25.0,0.0,75.0
Balti,2010,590.6,10.44,15.67,5.27,0.19,12,0.0,25.0,75.0
Balti,2011,619.4,9.89,15.22,4.8,0.19,12,0.0,16.7,83.3
Balti,2012,541.5,10.39,15.53,5.14,-0.09,12,16.7,0.0,83.3
Balti,2013,478.1,10.52,15.84,5.21,-0.15,12,33.3,25.0,41.7
Balti,2014,458.5,9.67,14.81,4.45,-0.22,12,16.7,16.7,66.7
Balti,2015,473.0,8.72,14.08,3.45,0.01,12,25.0,16.7,58.3
Balti,2016,610.4,10.12,15.48,4.97,0.1,12,0.0,16.7,83.3
Balti,2017,507.5,9.73,15.14,4.7,0.09,12,16.7,25.0,58.3
Balti,2018,310.9,9.09,14.48,4.17,-0.49,12,41.7,0.0,58.3
Balti,2019,703.8,9.42,14.79,4.3,0.39,12,0.0,25.0,75.0
Balti,2020,397.1,9.58,14.82,4.41,-0.28,12,41.7,25.0,33.3
Bravicea,1961,654.4,9.86,14.96,4.53,-0.06,10,30.0,30.0,40.0
Bravicea,1962,648.5,9.44,14.83,4.24,0.43,12,0.0,25.0,75.0
Bravicea,1963,806.3,10.23,15.41,4.82,0.65,12,16.7,50.0,33.3
Bravicea,1964,503.4,9.98,15.06,4.62,-0.09,12,50.0,25.0,25.0
Bravicea,1965,413.9,9.75,15.13,4.52,-0.37,12,25.0,0.0,75.0
Bravicea,1966,501.9,9.33,14.58,4.31,-0.03,12,25.0,16.7,58.3
Bravicea,1967,460.1,10.31,15.45,5.16,-0.34,12,41.7,0.0,58.3
Bravicea,1968,589.0,10.49,15.66,5.03,0.03,12,8.3,8.3,83.3
Bravicea,1969,661.6,9.28,14.57,3.98,0.25,12,8.3,16.7,75.0
Bravicea,1970,363.8,9.77,15.12,4.62,-0.31,12,33.3,16.7,50.0
Bravicea,1971,501.5,10.5,15.77,5.13,-0.26,12,25.0,25.0,50.0
Bravicea,1972,448.9,9.04,14.36,3.82,-0.08,12,8.3,16.7,75.0
Bravicea,1973,760.4,9.99,15.26,4.72,0.42,12,0.0,25.0,75.0
Bravicea,1974,456.8,11.35,16.5,5.97,-0.37,12,25.0,0.0,75.0
Bravicea,1975,533.9,10.54,15.85,5.34,-0.19,12,33.3,8.3,58.3
Bravicea,1976,623.1,9.54,14.81,4.29,0.17,12,25.0,41.7,33.3
Bravicea,1977,347.8,8.4,14.0,3.24,-0.29,12,33.3,8.3,58.3
Bravicea,1978,570.6,10.22,15.4,5.07,-0.03,12,16.7,16.7,66.7
Bravicea,1979,686.5,10.06,15.49,4.74,0.34,12,25.0,33.3,41.7
Bravicea,1980,402.7,10.17,15.58,4.81,-0.38,12,33.3,0.0,66.7
Bravicea,1981,462.2,10.13,15.39,4.92,-0.36,12,25.0,0.0,75.0
Bravicea,1982,984.2,10.68,15.9,5.35,1.0,12,0.0,58.3,41.7
Bravicea,1983,624.0,9.1,14.63,3.77,0.14,12,25.0,25.0,50.0
Bravicea,1984,396.7,10.39,15.68,4.98,-0.33,12,33.3,16.7,50.0
Bravicea,1985,661.8,9.69,14.91,4.52,0.35,12,8.3,25.0,66.7
Bravicea,1986,463.7,9.78,15.3,4.54,-0.22,12,33.3,16.7,50.0
Bravicea,1987,533.0,9.65,14.8,4.4,0.1,12,0.0,16.7,83.3
Bravicea,1988,373.0,9.57,14.61,4.38,-0.48,12,41.7,0.0,58.3
Bravicea,1989,472.7,9.45,14.83,4.03,-0.07,12,8.3,16.7,75.0
Bravicea,1990,373.8,8.53,13.72,3.37,-0.34,12,41.7,8.3,50.0
Bravicea,1991,496.0,9.75,15.15,4.49,-0.15,12,33.3,33.3,33.3
Bravicea,1992,683.3,9.94,15.21,4.78,0.37,12,8.3,25.0,66.7
Bravicea,1993,792.9,11.46,16.42,6.28,0.4,12,0.0,33.3,66.7
Bravicea,1994,732.1,10.24,15.3,4.98,0.45,12,8.3,16.7,75.0
Bravicea,1995,462.0,10.52,15.85,5.24,-0.27,12,16.7,0.0,83.3
Bravicea,1996,497.7,10.81,15.88,5.61,-0.29,12,25.0,0.0,75.0
Bravicea,1997,444.7,8.9,13.96,3.68,-0.16,12,25.0,25.0,50.0
Bravicea,1998,424.6,9.07,14.36,3.86,-0.18,12,8.3,0.0,91.7
Bravicea,1999,605.7,9.68,14.99,4.37,-0.1,12,25.0,25.0,50.0
Bravicea,2000,545.0,9.45,14.73,4.24,0.18,12,16.7,16.7,66.7
Bravicea,2001,395.1,9.15,14.48,3.87,-0.3,12,25.0,0.0,75.0
Bravicea,2002,440.1,9.24,14.58,4.1,-0.14,12,25.0,16.7,58.3
Bravicea,2003,504.5,9.67,14.83,4.51,-0.12,12,16.7,8.3,75.0
Bravicea,2004,526.7,11.11,16.12,5.75,-0.19,12,16.7,16.7,66.7
Bravicea,2005,761.6,10.49,15.59,5.19,0.39,12,8.3,16.7,75.0
Bravicea,2006,523.9,9.96,15.13,4.82,-0.01,12,33.3,25.0,41.7
Bravicea,2007,622.9,9.01,14.29,4.03,0.2,12,16.7,33.3,50.0
Bravicea,2008,515.9,9.49,14.53,4.18,0.04,12,16.7,16.7,66.7
Bravicea,2009,570.0,9.71,14.87,4.54,0.01,12,0.0,0.0,100.0
Bravicea,2010,603.5,9.53,14.78,4.26,0.16,12,0.0,0.0,100.0
Bravicea,2011,787.9,10.22,15.34,4.9,0.6,12,0.0,25.0,75.0
Bravicea,2012,470.7,9.92,15.03,4.86,-0.16,12,25.0,25.0,50.0
Bravicea,2013,797.5,9.32,14.63,4.1,0.69,12,0.0,33.3,66.7
Bravicea,2014,506.7,9.02,14.4,3.91,0.02,12,16.7,8.3,75.0
Bravicea,2015,457.3,9.14,14.42,3.78,-0.09,12,8.3,16.7,75.0
Bravicea,2016,453.2,9.38,14.33,4.0,-0.16,12,8.3,0.0,91.7
Bravicea,2017,638.4,8.98,14.48,3.78,0.22,12,25.0,33.3,41.7
Bravicea,2018,548.4,9.75,15.02,4.65,0.01,12,25.0,25.0,50.0
Bravicea,2019,306.4,9.06,14.49,3.79,-0.5,12,41.7,16.7,41.7
Bravicea,2020,505.8,9.42,14.84,4.21,-0.18,12,25.0,0.0,75.0
Briceni,1961,658.3,9.23,14.52,4.21,0.15,10,0.0,10.0,90.0
Briceni,1962,489.7,9.14,14.59,4.0,-0.07,12,16.7,0.0,83.3
Briceni,1963,548.9,10.32,15.57,4.88,-0.1,12,16.7,8.3,75.0
Briceni,1964,619.1,10.66,15.74,5.33,0.02,12,0.0,16.7,83.3
Briceni,1965,609.6,9.42,14.62,4.21,0.25,12,16.7,25.0,58.3
Briceni,1966,499.9,9.71,15.12,4.59,-0.12,12,16.7,25.0,58.3
Briceni,1967,315.0,10.98,16.21,5.71,-0.68,12,33.3,8.3,58.3
Briceni,1968,833.7,9.17,14.46,4.11,0.55,12,0.0,25.0,75.0
Briceni,1969,468.2,9.91,15.04,4.53,0.04,12,33.3,33.3,33.3
Briceni,1970,744.0,10.17,15.43,4.76,0.33,12,8.3,16.7,75.0
Briceni,1971,587.0,10.29,15.58,5.21,0.14,12,0.0,16.7,83.3
Briceni,1972,514.9,9.88,15.1,4.88,-0.0,12,8.3,25.0,66.7
Briceni,1973,508.3,10.19,15.5,5.07,-0.24,12,41.7,8.3,50.0
Briceni,1974,418.5,9.16,14.32,3.91,-0.14,12,33.3,16.7,50.0
Briceni,1975,365.5,10.03,15.14,4.84,-0.5,12,33.3,0.0,66.7
Briceni,1976,565.3,10.74,15.95,5.57,-0.06,12,25.0,25.0,50.0
Briceni,1977,931.6,10.5,15.59,5.18,0.8,12,0.0,41.7,58.3
Briceni,1978,653.8,10.19,15.58,4.93,0.25,12,8.3,25.0,66.7
Briceni,1979,456.7,9.58,14.68,4.38,-0.19,12,25.0,0.0,75.0
Briceni,1980,559.3,9.18,14.42,4.08,0.08,12,0.0,8.3,91.7
Briceni,1981,521.6,9.64,14.99,4.48,-0.08,12,25.0,25.0,50.0
Briceni,1982,701.8,10.72,15.97,5.35,0.24,12,0.0,8.3,91.7
Briceni,1983,511.5,9.99,15.57,4.69,-0.02,12,16.7,16.7,66.7
Briceni,1984,554.5,9.31,14.46,4.11,0.05,12,0.0,0.0,100.0
Briceni,1985,611.1,10.15,15.38,5.16,0.13,12,8.3,16.7,75.0
Briceni,1986,385.8,9.22,14.56,3.95,-0.43,12,41.7,8.3,50.0
Briceni,1987,643.9,9.77,15.02,4.53,0.28,12,8.3,25.0,66.7
Briceni,1988,550.9,10.25,15.46,5.24,0.02,12,0.0,8.3,91.7
Briceni,1989,555.9,10.47,15.57,5.21,-0.22,12,33.3,16.7,50.0
Briceni,1990,496.7,9.54,14.67,4.25,0.0,12,16.7,16.7,66.7
Briceni,1991,464.0,9.93,15.31,4.64,-0.19,12,8.3,0.0,91.7
Briceni,1992,467.9,9.57,14.98,4.21,-0.09,12,16.7,0.0,83.3
Briceni,1993,394.3,8.4,13.82,3.53,-0.3,12,16.7,0.0,83.3
Briceni,1994,486.6,9.62,14.84,4.26,-0.23,12,8.3,0.0,91.7
Briceni,1995,505.5,10.64,15.77,5.37,-0.14,12,41.7,33.3,25.0
Briceni,1996,737.6,10.2,15.28,4.78,0.33,12,8.3,25.0,66.7
Briceni,1997,609.5,8.06,13.46,3.08,0.44,12,0.0,25.0,75.0
Briceni,1998,783.0,9.22,14.45,4.08,0.57,12,16.7,50.0,33.3
Briceni,1999,627.3,10.48,15.71,5.28,0.1,12,16.7,16.7,66.7
Briceni,2000,330.5,10.03,15.18,4.6,-0.54,12,33.3,8.3,58.3
Briceni,2001,587.5,11.61,16.68,6.25,-0.03,12,8.3,16.7,75.0
Briceni,2002,528.3,10.4,15.61,5.05,-0.1,12,16.7,16.7,66.7
Briceni,2003,505.6,9.78,15.12,4.54,-0.16,12,33.3,25.0,41.7
Briceni,2004,608.6,9.77,15.09,4.68,0.18,12,25.0,41.7,33.3
Briceni,2005,350.7,10.0,15.13,4.69,-0.45,12,33.3,8.3,58.3
Briceni,2006,530.1,10.01,15.45,4.45,-0.08,12,33.3,16.7,50.0
Briceni,2007,646.2,9.67,14.96,4.39,0.28,12,8.3,33.3,58.3
Briceni,2008,535.2,10.56,15.69,4.97,-0.16,12,25.0,25.0,50.0
Briceni,2009,651.9,10.08,15.28,4.9,0.18,12,0.0,16.7,83.3
Briceni,2010,379.7,10.18,15.68,4.85,-0.53,12,41.7,25.0,33.3
Briceni,2011,812.8,10.43,15.5,5.22,0.62,12,0.0,41.7,58.3
Briceni,2012,472.5,9.03,14.3,3.99,-0.17,12,33.3,16.7,50.0
Briceni,2013,513.7,9.27,14.73,3.87,-0.04,12,8.3,16.7,75.0
Briceni,2014,684.4,11.08,16.38,5.85,0.11,12,16.7,16.7,66.7
Briceni,2015,780.8,9.13,14.09,3.98,0.73,12,0.0,41.7,58.3
Briceni,2016,437.9,10.02,15.3,4.82,-0.2,12,33.3,16.7,50.0
Briceni,2017,685.9,9.9,15.08,4.63,0.28,12,8.3,25.0,66.7
Briceni,2018,524.1,9.74,14.86,4.48,-0.17,12,25.0,8.3,66.7
Briceni,2019,437.6,9.62,14.81,4.48,-0.28,12,41.7,16.7,41.7
Briceni,2020,420.6,10.59,15.86,5.32,-0.42,12,33.3,16.7,50.0
Cahul,1961,511.7,11.29,16.62,6.35,-0.03,10,20.0,10.0,70.0
Cahul,1962,438.3,12.15,17.32,6.84,-0.23,12,25.0,8.3,66.7
Cahul,1963,572.8,11.06,16.17,5.73,0.2,12,16.7,25.0,58.3
Cahul,1964,422.1,11.34,16.74,6.05,0.02,12,16.7,16.7,66.7
Cahul,1965,432.3,11.35,16.52,5.96,-0.13,12,25.0,16.7,58.3
Cahul,1966,358.7,11.29,16.57,6.13,-0.28,12,25.0,8.3,66.7
Cahul,1967,655.4,10.75,15.96,5.62,0.5,12,0.0,16.7,83.3
Cahul,1968,617.8,12.4,17.58,7.16,0.08,12,25.0,25.0,50.0
Cahul,1969,665.6,10.58,15.96,5.43,0.71,12,0.0,16.7,83.3
Cahul,1970,578.1,12.31,17.32,7.22,0.14,12,25.0,25.0,50.0
Cahul,1971,403.6,10.42,15.79,5.23,-0.1,12,25.0,8.3,66.7
Cahul,1972,464.2,11.81,17.21,6.6,-0.07,12,33.3,25.0,41.7
Cahul,1973,478.5,11.67,16.78,6.42,0.0,12,0.0,8.3,91.7
Cahul,1974,532.3,10.73,16.11,5.64,0.21,12,8.3,25.0,66.7
Cahul,1975,259.6,11.54,16.92,6.35,-0.46,12,41.7,0.0,58.3
Cahul,1976,399.4,11.08,16.35,5.92,-0.12,12,33.3,8.3,58.3
Cahul,1977,298.3,11.32,16.81,6.08,-0.37,12,41.7,25.0,33.3
Cahul,1978,539.6,11.98,17.27,6.8,0.06,12,8.3,16.7,75.0
Cahul,1979,404.5,11.34,16.77,6.01,-0.16,12,16.7,16.7,66.7
Cahul,1980,521.1,12.02,17.42,6.96,0.04,12,16.7,8.3,75.0
Cahul,1981,498.9,11.29,16.59,5.92,0.05,12,33.3,25.0,41.7
Cahul,1982,489.6,11.79,16.99,6.42,-0.01,12,8.3,0.0,91.7
Cahul,1983,430.3,12.0,17.12,6.74,-0.25,12,33.3,0.0,66.7
Cahul,1984,424.3,12.51,17.67,7.44,-0.24,12,16.7,16.7,66.7
Cahul,1985,462.7,12.63,17.75,7.17,-0.16,12,33.3,16.7,50.0
Cahul,1986,465.6,11.96,17.42,6.72,0.0,12,8.3,16.7,75.0
Cahul,1987,541.4,11.69,17.01,6.4,0.06,12,0.0,0.0,100.0
Cahul,1988,563.0,11.57,17.02,6.22,0.2,12,16.7,25.0,58.3
Cahul,1989,384.2,11.4,16.51,6.1,-0.12,12,25.0,16.7,58.3
Cahul,1990,498.7,11.52,16.81,6.27,-0.02,12,25.0,25.0,50.0
Cahul,1991,493.2,11.14,16.51,5.79,0.15,12,0.0,25.0,75.0
Cahul,1992,332.1,13.17,18.11,7.88,-0.54,12,41.7,8.3,50.0
Cahul,1993,495.3,11.7,16.91,6.35,0.06,12,25.0,41.7,33.3
Cahul,1994,644.1,11.7,16.94,6.37,0.24,12,8.3,25.0,66.7
Cahul,1995,432.8,11.38,16.9,6.32,-0.01,12,16.7,16.7,66.7
Cahul,1996,321.8,12.43,17.56,7.07,-0.53,12,41.7,0.0,58.3
Cahul,1997,566.2,11.39,16.63,6.31,0.28,12,8.3,25.0,66.7
Cahul,1998,475.1,11.96,17.36,6.46,-0.03,12,25.0,25.0,50.0
Cahul,1999,361.5,11.48,16.91,6.28,-0.24,12,25.0,0.0,75.0
Cahul,2000,374.6,10.98,16.28,5.69,-0.33,12,33.3,8.3,58.3
Cahul,2001,541.6,11.03,16.51,5.81,0.27,12,8.3,33.3,58.3
Cahul,2002,552.9,10.71,16.07,5.53,0.18,12,25.0,41.7,33.3
Cahul,2003,395.0,10.69,16.18,5.43,0.06,12,25.0,25.0,50.0
Cahul,2004,628.8,11.02,16.18,5.92,0.4,12,0.0,25.0,75.0
Cahul,2005,429.6,11.31,16.79,6.03,-0.08,12,8.3,16.7,75.0
Cahul,2006,478.5,11.01,16.46,5.92,0.04,12,16.7,0.0,83.3
Cahul,2007,525.6,11.22,16.5,6.09,0.11,12,0.0,25.0,75.0
Cahul,2008,502.7,11.09,16.57,5.8,0.08,12,0.0,25.0,75.0
Cahul,2009,445.3,11.67,16.99,6.44,0.02,12,0.0,16.7,83.3
Cahul,2010,581.8,11.29,16.68,6.15,0.25,12,0.0,8.3,91.7
Cahul,2011,538.3,11.91,17.21,6.86,0.06,12,8.3,16.7,75.0
Cahul,2012,454.6,10.87,16.15,5.58,0.06,12,25.0,25.0,50.0
Cahul,2013,334.9,12.43,17.4,7.18,-0.37,12,41.7,16.7,41.7
Cahul,2014,401.1,10.68,16.14,5.51,-0.07,12,33.3,25.0,41.7
Cahul,2015,588.7,12.11,17.5,6.98,0.06,12,16.7,0.0,83.3
Cahul,2016,672.7,13.34,18.41,7.82,0.22,12,16.7,33.3,50.0
Cahul,2017,516.7,11.2,16.52,6.08,0.06,12,25.0,16.7,58.3
Cahul,2018,423.9,11.3,16.62,6.14,-0.02,12,33.3,25.0,41.7
Cahul,2019,531.6,11.23,16.4,6.08,0.18,12,8.3,8.3,83.3
Cahul,2020,418.3,11.35,16.66,6.0,-0.09,12,25.0,25.0,50.0
Camenca,1961,602.8,10.31,15.57,5.12,-0.1,10,0.0,0.0,100.0
Camenca,1962,628.8,10.5,15.7,5.28,0.11,12,25.0,8.3,66.7
Camenca,1963,680.1,10.29,15.52,5.2,0.27,12,25.0,33.3,41.7
Camenca,1964,304.0,9.33,14.68,4.16,-0.56,12,41.7,16.7,41.7
Camenca,1965,649.2,9.09,14.7,4.02,0.43,12,0.0,25.0,75.0
Camenca,1966,739.0,10.44,15.59,5.23,0.43,12,8.3,33.3,58.3
Camenca,1967,555.2,9.47,14.9,4.28,0.14,12,8.3,25.0,66.7
Camenca,1968,454.6,10.11,15.38,4.87,-0.27,12,25.0,0.0,75.0
Camenca,1969,575.7,9.51,14.84,4.32,0.01,12,25.0,8.3,66.7
Camenca,1970,523.5,9.55,14.8,4.38,0.08,12,25.0,25.0,50.0
Camenca,1971,656.5,9.28,14.62,4.08,0.31,12,8.3,25.0,66.7
Camenca,1972,308.9,10.46,15.7,5.08,-0.72,12,41.7,0.0,58.3
Camenca,1973,417.0,10.81,15.98,5.58,-0.47,12,41.7,16.7,41.7
Camenca,1974,453.6,9.23,14.48,3.96,-0.18,12,25.0,0.0,75.0
Camenca,1975,496.4,10.39,15.6,5.23,-0.22,12,41.7,25.0,33.3
Camenca,1976,734.4,8.91,14.35,3.87,0.65,12,0.0,50.0,50.0
Camenca,1977,639.6,8.98,14.28,3.86,0.48,12,0.0,33.3,66.7
Camenca,1978,431.7,10.36,15.46,5.13,-0.29,12,16.7,8.3,75.0
Camenca,1979,729.4,9.91,14.98,4.73,0.43,12,8.3,41.7,50.0
Camenca,1980,406.2,9.72,15.0,4.47,-0.32,12,33.3,8.3,58.3
Camenca,1981,557.8,9.38,14.48,4.18,0.03,12,33.3,25.0,41.7
Camenca,1982,579.1,9.42,14.57,4.26,0.09,12,16.7,16.7,66.7
Camenca,1983,444.3,9.4,14.8,4.27,-0.15,12,8.3,0.0,91.7
Camenca,1984,434.5,9.41,14.58,4.17,-0.26,12,25.0,8.3,66.7
Camenca,1985,413.9,10.21,15.44,4.99,-0.31,12,25.0,16.7,58.3
Camenca,1986,622.6,10.4,15.51,5.09,0.14,12,16.7,8.3,75.0
Camenca,1987,436.5,10.48,15.63,5.07,-0.42,12,41.7,16.7,41.7
Camenca,1988,608.3,10.51,15.71,5.38,0.11,12,8.3,0.0,91.7
Camenca,1989,385.9,10.17,15.42,4.94,-0.5,12,41.7,0.0,58.3
Camenca,1990,663.5,9.55,14.88,4.22,0.38,12,0.0,16.7,83.3
Camenca,1991,580.5,9.83,15.16,4.54,0.04,12,25.0,16.7,58.3
Camenca,1992,488.7,10.25,15.63,5.02,-0.21,12,33.3,16.7,50.0
Camenca,1993,530.1,8.85,14.13,3.7,0.11,12,25.0,25.0,50.0
Camenca,1994,312.8,10.42,15.5,5.27,-0.68,12,50.0,0.0,50.0
Camenca,1995,561.3,9.08,14.27,4.11,0.07,12,16.7,8.3,75.0
Camenca,1996,551.9,10.62,15.69,5.56,-0.04,12,25.0,16.7,58.3
Camenca,1997,569.7,9.27,14.52,4.12,0.24,12,8.3,25.0,66.7
Camenca,1998,490.0,9.69,15.05,4.57,-0.24,12,41.7,25.0,33.3
Camenca,1999,461.8,9.71,14.95,4.19,-0.06,12,25.0,16.7,58.3
Camenca,2000,520.1,11.13,16.45,5.76,-0.25,12,16.7,0.0,83.3
Camenca,2001,692.1,9.9,15.12,4.71,0.45,12,0.0,25.0,75.0
Camenca,2002,515.1,8.31,13.75,3.33,0.01,12,8.3,8.3,83.3
Camenca,2003,662.6,9.71,15.14,4.73,0.35,12,0.0,16.7,83.3
Camenca,2004,599.1,9.37,14.88,4.23,0.25,12,8.3,25.0,66.7
Camenca,2005,569.3,11.18,16.24,5.54,-0.14,12,16.7,25.0,58.3
Camenca,2006,580.1,9.61,14.98,4.48,0.18,12,0.0,8.3,91.7
Camenca,2007,485.7,11.34,16.35,5.97,-0.36,12,33.3,0.0,66.7
Camenca,2008,509.8,9.32,14.71,4.04,0.02,12,0.0,8.3,91.7
Camenca,2009,609.6,9.99,15.33,4.8,0.22,12,0.0,16.7,83.3
Camenca,2010,440.9,9.52,14.92,4.22,-0.26,12,33.3,16.7,50.0
Camenca,2011,655.4,9.12,14.22,3.88,0.36,12,8.3,33.3,58.3
Camenca,2012,759.9,11.04,16.25,5.66,0.41,12,16.7,41.7,41.7
Camenca,2013,539.5,9.32,14.61,4.2,0.05,12,25.0,8.3,66.7
Camenca,2014,713.9,10.51,15.66,5.24,0.28,12,16.7,33.3,50.0
Camenca,2015,610.6,9.53,14.75,4.4,0.23,12,16.7,33.3,50.0
Camenca,2016,512.6,9.88,15.14,4.74,-0.0,12,16.7,16.7,66.7
Camenca,2017,529.5,9.69,15.1,4.48,-0.01,12,25.0,16.7,58.3
Camenca,2018,566.0,9.98,15.48,4.78,-0.02,12,25.0,25.0,50.0
Camenca,2019,483.1,9.2,14.47,3.88,-0.1,12,25.0,16.7,58.3
Camenca,2020,447.2,9.83,15.28,4.82,-0.25,12,8.3,0.0,91.7
Ceadir-Lunga,1961,524.6,11.36,16.78,6.3,-0.16,10,10.0,10.0,80.0
Ceadir-Lunga,1962,406.5,12.44,17.62,7.12,-0.32,12,41.7,25.0,33.3
Ceadir-Lunga,1963,482.0,11.37,16.37,6.2,-0.05,12,25.0,0.0,75.0
Ceadir-Lunga,1964,697.0,11.32,16.66,6.04,0.58,12,8.3,41.7,50.0
Ceadir-Lunga,1965,410.4,12.27,17.36,6.91,-0.29,12,33.3,16.7,50.0
Ceadir-Lunga,1966,344.3,11.49,16.62,6.11,-0.27,12,25.0,16.7,58.3
Ceadir-Lunga,1967,539.0,11.16,16.36,5.98,0.15,12,16.7,0.0,83.3
Ceadir-Lunga,1968,497.3,10.55,16.05,5.25,0.19,12,8.3,25.0,66.7
Ceadir-Lunga,1969,502.3,10.96,16.48,5.86,0.02,12,8.3,0.0,91.7
Ceadir-Lunga,1970,364.3,11.61,16.85,6.5,-0.23,12,25.0,16.7,58.3
Ceadir-Lunga,1971,594.1,11.46,16.67,6.2,0.13,12,25.0,25.0,50.0
Ceadir-Lunga,1972,679.6,11.26,16.46,6.04,0.54,12,0.0,33.3,66.7
Ceadir-Lunga,1973,398.1,12.12,17.22,6.62,-0.22,12,25.0,16.7,58.3
Ceadir-Lunga,1974,474.2,11.32,16.58,6.25,-0.04,12,8.3,8.3,83.3
Ceadir-Lunga,1975,551.1,11.98,17.18,6.64,0.12,12,8.3,25.0,66.7
Ceadir-Lunga,1976,483.8,11.5,16.71,6.22,0.06,12,25.0,16.7,58.3
Ceadir-Lunga,1977,467.7,11.84,17.07,6.62,-0.07,12,25.0,8.3,66.7
Ceadir-Lunga,1978,507.1,11.23,16.43,6.06,0.11,12,25.0,25.0,50.0
Ceadir-Lunga,1979,508.2,11.42,16.48,6.04,-0.05,12,16.7,8.3,75.0
Ceadir-Lunga,1980,529.0,11.74,16.88,6.28,0.12,12,16.7,25.0,58.3
Ceadir-Lunga,1981,443.1,12.52,17.68,7.05,-0.23,12,33.3,8.3,58.3
Ceadir-Lunga,1982,499.7,10.12,15.46,5.25,0.13,12,33.3,33.3,33.3
Ceadir-Lunga,1983,527.6,11.46,16.53,6.08,0.14,12,8.3,25.0,66.7
Ceadir-Lunga,1984,440.2,12.23,17.62,6.89,-0.22,12,25.0,8.3,66.7
Ceadir-Lunga,1985,421.1,11.27,16.69,6.01,-0.09,12,33.3,25.0,41.7
Ceadir-Lunga,1986,322.2,12.4,17.59,7.07,-0.41,12,41.7,16.7,41.7
Ceadir-Lunga,1987,683.0,11.08,16.45,5.82,0.41,12,16.7,41.7,41.7
Ceadir-Lunga,1988,741.0,12.12,17.35,6.86,0.63,12,0.0,33.3,66.7
Ceadir-Lunga,1989,478.4,11.38,16.69,6.08,-0.04,12,25.0,25.0,50.0
Ceadir-Lunga,1990,739.1,11.11,16.39,6.17,0.59,12,0.0,33.3,66.7
Ceadir-Lunga,1991,374.4,11.99,17.43,6.66,-0.23,12,33.3,25.0,41.7
Ceadir-Lunga,1992,466.7,12.29,17.31,7.03,-0.13,12,0.0,8.3,91.7
Ceadir-Lunga,1993,396.5,12.44,17.41,7.02,-0.34,12,25.0,0.0,75.0
Ceadir-Lunga,1994,443.1,11.42,16.64,6.0,-0.05,12,0.0,8.3,91.7
Ceadir-Lunga,1995,429.9,11.72,16.95,6.45,-0.2,12,25.0,16.7,58.3
Ceadir-Lunga,1996,544.3,12.21,17.33,6.8,0.05,12,16.7,25.0,58.3
Ceadir-Lunga,1997,407.5,11.65,16.73,6.58,-0.18,12,33.3,25.0,41.7
Ceadir-Lunga,1998,396.8,11.82,17.03,6.48,-0.27,12,33.3,16.7,50.0
Ceadir-Lunga,1999,458.9,10.97,16.4,5.62,-0.05,12,33.3,25.0,41.7
Ceadir-Lunga,2000,563.0,12.38,17.59,7.23,0.11,12,0.0,8.3,91.7
Ceadir-Lunga,2001,507.1,12.01,17.22,6.73,-0.04,12,16.7,0.0,83.3
Ceadir-Lunga,2002,469.3,10.88,16.04,5.6,0.07,12,16.7,0.0,83.3
Ceadir-Lunga,2003,403.6,11.25,16.58,5.93,-0.22,12,33.3,0.0,66.7
Ceadir-Lunga,2004,426.4,11.71,16.82,6.46,-0.12,12,25.0,16.7,58.3
Ceadir-Lunga,2005,332.9,12.29,17.58,7.02,-0.47,12,41.7,8.3,50.0
Ceadir-Lunga,2006,370.9,10.43,15.76,5.27,-0.14,12,25.0,0.0,75.0
Ceadir-Lunga,2007,479.2,10.17,15.48,4.99,0.18,12,0.0,25.0,75.0
Ceadir-Lunga,2008,395.4,11.77,16.9,6.42,-0.26,12,33.3,8.3,58.3
Ceadir-Lunga,2009,617.1,12.37,17.54,7.07,0.17,12,0.0,16.7,83.3
Ceadir-Lunga,2010,392.0,11.84,16.99,6.45,-0.26,12,25.0,16.7,58.3
Ceadir-Lunga,2011,588.2,11.33,16.6,6.15,0.19,12,0.0,8.3,91.7
Ceadir-Lunga,2012,596.0,11.55,16.78,6.16,0.33,12,8.3,33.3,58.3
Ceadir-Lunga,2013,767.7,12.25,17.37,7.09,0.58,12,0.0,33.3,66.7
Ceadir-Lunga,2014,370.9,10.95,16.12,5.64,-0.19,12,33.3,8.3,58.3
Ceadir-Lunga,2015,332.6,10.31,15.59,5.07,-0.18,12,33.3,33.3,33.3
Ceadir-Lunga,2016,435.3,10.88,16.09,5.49,-0.03,12,25.0,25.0,50.0
Ceadir-Lunga,2017,335.5,11.04,16.26,5.81,-0.24,12,33.3,16.7,50.0
Ceadir-Lunga,2018,570.4,12.09,17.13,6.53,0.07,12,16.7,25.0,58.3
Ceadir-Lunga,2019,523.5,11.5,16.77,6.28,0.03,12,41.7,41.7,16.7
Ceadir-Lunga,2020,714.1,11.79,16.78,6.35,0.54,12,0.0,25.0,75.0
Chisinau,1961,386.5,10.37,15.51,4.82,-0.66,10,50.0,10.0,40.0
Chisinau,1962,602.2,10.37,15.55,5.12,0.06,12,25.0,25.0,50.0
Chisinau,1963,464.3,10.99,16.26,5.63,-0.1,12,25.0,16.7,58.3
Chisinau,1964,575.7,10.88,16.08,5.53,0.01,12,16.7,16.7,66.7
Chisinau,1965,516.3,8.79,14.27,3.53,0.08,12,8.3,8.3,83.3
Chisinau,1966,530.5,10.41,15.7,5.02,0.02,12,8.3,25.0,66.7
Chisinau,1967,408.2,10.75,16.12,5.34,-0.4,12,25.0,0.0,75.0
Chisinau,1968,413.3,9.48,14.78,4.18,-0.15,12,25.0,0.0,75.0
Chisinau,1969,507.7,10.89,16.14,5.65,-0.21,12,25.0,16.7,58.3
Chisinau,1970,536.5,9.27,14.59,3.94,0.16,12,8.3,0.0,91.7
Chisinau,1971,656.3,10.18,15.42,4.82,0.33,12,16.7,41.7,41.7
Chisinau,1972,405.9,10.3,15.43,4.87,-0.3,12,25.0,0.0,75.0
Chisinau,1973,452.4,9.45,14.75,4.32,-0.08,12,33.3,16.7,50.0
Chisinau,1974,1066.6,9.99,15.34,4.68,1.24,12,0.0,50.0,50.0
Chisinau,1975,502.2,10.33,15.49,5.06,-0.16,12,33.3,16.7,50.0
Chisinau,1976,402.8,9.88,15.04,4.58,-0.25,12,33.3,16.7,50.0
Chisinau,1977,491.1,8.94,14.45,3.96,0.09,12,25.0,33.3,41.7
Chisinau,1978,561.7,10.28,15.41,4.8,0.01,12,8.3,0.0,91.7
Chisinau,1979,491.5,9.76,15.05,4.68,-0.07,12,16.7,16.7,66.7
Chisinau,1980,461.7,10.73,15.69,5.53,-0.24,12,25.0,8.3,66.7
Chisinau,1981,476.8,10.07,15.45,4.82,-0.07,12,25.0,0.0,75.0
Chisinau,1982,670.6,10.58,15.74,5.33,0.24,12,16.7,25.0,58.3
Chisinau,1983,462.6,9.23,14.57,3.98,-0.01,12,33.3,25.0,41.7
Chisinau,1984,462.9,10.2,15.36,5.0,-0.15,12,16.7,0.0,83.3
Chisinau,1985,458.5,9.77,15.1,4.37,-0.11,12,16.7,0.0,83.3
Chisinau,1986,550.3,10.16,15.3,4.92,-0.01,12,16.7,25.0,58.3
Chisinau,1987,572.6,10.53,15.88,5.3,0.07,12,0.0,8.3,91.7
Chisinau,1988,570.0,9.28,14.73,4.12,0.14,12,8.3,0.0,91.7
Chisinau,1989,447.3,9.81,15.3,4.54,-0.15,12,33.3,25.0,41.7
Chisinau,1990,597.2,10.16,15.22,4.81,0.12,12,16.7,25.0,58.3
Chisinau,1991,521.9,10.29,15.72,5.11,-0.06,12,25.0,25.0,50.0
Chisinau,1992,599.6,9.71,15.23,4.33,0.06,12,8.3,25.0,66.7
Chisinau,1993,477.7,9.67,14.8,4.58,0.09,12,16.7,16.7,66.7
Chisinau,1994,403.4,9.12,14.54,3.68,-0.16,12,25.0,0.0,75.0
Chisinau,1995,498.1,9.81,14.93,4.67,0.05,12,16.7,41.7,41.7
Chisinau,1996,648.3,9.24,14.52,3.98,0.35,12,0.0,0.0,100.0
Chisinau,1997,472.0,10.1,15.28,4.82,-0.12,12,25.0,0.0,75.0
Chisinau,1998,530.3,9.25,14.6,4.21,0.11,12,8.3,25.0,66.7
Chisinau,1999,566.5,9.88,14.97,4.46,0.1,12,16.7,33.3,50.0
Chisinau,2000,527.6,9.85,15.2,4.51,0.11,12,8.3,25.0,66.7
Chisinau,2001,467.1,10.52,15.66,5.51,-0.13,12,33.3,25.0,41.7
Chisinau,2002,383.9,11.17,16.48,5.74,-0.53,12,50.0,0.0,50.0
Chisinau,2003,561.8,10.18,15.38,4.91,-0.04,12,33.3,33.3,33.3
Chisinau,2004,645.8,10.94,15.95,5.78,0.2,12,8.3,16.7,75.0
Chisinau,2005,392.7,10.48,15.57,5.17,-0.37,12,41.7,25.0,33.3
Chisinau,2006,581.6,10.15,15.12,4.84,0.16,12,16.7,25.0,58.3
Chisinau,2007,434.7,10.46,15.81,5.18,-0.26,12,16.7,8.3,75.0
Chisinau,2008,847.3,9.67,14.86,4.42,0.73,12,0.0,25.0,75.0
Chisinau,2009,558.4,10.63,15.87,5.25,-0.04,12,0.0,8.3,91.7
Chisinau,2010,655.4,10.7,15.92,5.39,0.28,12,8.3,25.0,66.7
Chisinau,2011,482.8,9.84,15.37,4.52,-0.05,12,16.7,0.0,83.3
Chisinau,2012,775.2,9.76,15.06,4.34,0.71,12,0.0,25.0,75.0
Chisinau,2013,489.4,10.5,15.57,5.22,-0.23,12,8.3,0.0,91.7
Chisinau,2014,651.6,10.46,15.69,4.89,0.16,12,16.7,33.3,50.0
Chisinau,2015,448.2,10.67,15.73,5.28,-0.24,12,41.7,25.0,33.3
Chisinau,2016,575.2,9.63,14.99,4.29,0.18,12,8.3,25.0,66.7
Chisinau,2017,501.4,9.52,14.98,4.37,-0.03,12,16.7,16.7,66.7
Chisinau,2018,406.0,8.62,13.98,3.58,-0.08,12,0.0,16.7,83.3
Chisinau,2019,354.2,9.29,14.62,4.02,-0.46,12,41.7,25.0,33.3
Chisinau,2020,410.1,8.92,14.42,3.87,-0.03,12,25.0,25.0,50.0
Comrat,1961,395.4,11.73,17.01,6.5,-0.47,10,10.0,10.0,80.0
Comrat,1962,392.4,11.44,16.68,6.05,-0.35,12,41.7,16.7,41.7
Comrat,1963,629.4,11.11,16.19,5.87,0.43,12,0.0,16.7,83.3
Comrat,1964,612.1,10.6,15.9,5.6,0.37,12,0.0,25.0,75.0
Comrat,1965,527.6,11.9,17.08,6.7,-0.02,12,8.3,0.0,91.7
Comrat,1966,348.9,11.34,16.63,6.22,-0.21,12,33.3,16.7,50.0
Comrat,1967,356.0,11.98,17.17,6.69,-0.38,12,33.3,0.0,66.7
Comrat,1968,564.0,11.14,16.56,5.91,0.13,12,0.0,0.0,100.0
Comrat,1969,610.7,10.88,16.19,5.58,0.42,12,16.7,33.3,50.0
Comrat,1970,331.0,11.88,17.0,6.46,-0.43,12,41.7,0.0,58.3
Comrat,1971,406.4,10.64,16.04,5.37,-0.16,12,25.0,16.7,58.3
Comrat,1972,539.6,12.33,17.37,6.97,0.04,12,33.3,25.0,41.7
Comrat,1973,478.7,11.48,16.73,6.46,-0.17,12,33.3,16.7,50.0
Comrat,1974,726.9,11.43,16.66,6.17,0.62,12,0.0,25.0,75.0
Comrat,1975,621.9,11.84,16.73,6.49,0.23,12,25.0,25.0,50.0
Comrat,1976,419.4,11.72,16.98,6.66,-0.15,12,25.0,25.0,50.0
Comrat,1977,532.4,10.9,16.19,5.71,0.1,12,0.0,0.0,100.0
Comrat,1978,242.9,13.06,18.07,7.73,-0.69,12,41.7,0.0,58.3
Comrat,1979,476.2,10.87,16.22,5.82,-0.03,12,25.0,33.3,41.7
Comrat,1980,466.6,10.63,15.97,5.37,0.01,12,25.0,16.7,58.3
Comrat,1981,577.1,10.59,15.98,5.81,0.27,12,8.3,25.0,66.7
Comrat,1982,360.8,11.71,16.93,6.54,-0.28,12,25.0,8.3,66.7
Comrat,1983,572.9,10.59,15.77,5.52,0.24,12,16.7,25.0,58.3
Comrat,1984,327.4,11.59,16.92,6.34,-0.44,12,33.3,0.0,66.7
Comrat,1985,463.7,10.82,16.22,5.7,-0.02,12,25.0,25.0,50.0
Comrat,1986,524.6,11.52,16.75,6.48,0.08,12,0.0,0.0,100.0
Comrat,1987,423.8,12.05,17.16,6.72,-0.27,12,33.3,0.0,66.7
Comrat,1988,534.4,11.81,17.04,6.66,-0.14,12,25.0,25.0,50.0
Comrat,1989,560.3,11.2,16.48,5.97,0.4,12,16.7,25.0,58.3
Comrat,1990,468.1,10.62,15.99,5.35,0.05,12,16.7,25.0,58.3
Comrat,1991,382.3,12.02,17.28,6.6,-0.37,12,33.3,0.0,66.7
Comrat,1992,454.0,10.98,16.17,5.9,0.05,12,25.0,25.0,50.0
Comrat,1993,374.7,11.96,17.24,6.87,-0.39,12,25.0,8.3,66.7
Comrat,1994,583.3,11.0,16.26,5.77,0.22,12,0.0,8.3,91.7
Comrat,1995,493.0,10.98,16.22,5.8,0.03,12,25.0,25.0,50.0
Comrat,1996,478.6,11.0,16.23,5.7,0.12,12,8.3,8.3,83.3
Comrat,1997,512.4,11.08,16.4,5.92,-0.09,12,41.7,41.7,16.7
Comrat,1998,659.2,11.63,16.8,6.2,0.47,12,0.0,16.7,83.3
Comrat,1999,580.4,11.56,16.77,6.42,0.2,12,25.0,33.3,41.7
Comrat,2000,565.2,11.36,16.75,5.98,0.22,12,25.0,25.0,50.0
Comrat,2001,486.5,11.46,16.56,6.41,0.04,12,8.3,0.0,91.7
Comrat,2002,698.9,10.78,16.08,5.56,0.51,12,0.0,25.0,75.0
Comrat,2003,451.6,11.26,16.52,6.06,-0.05,12,16.7,8.3,75.0
Comrat,2004,418.7,11.43,16.68,6.22,-0.2,12,33.3,25.0,41.7
Comrat,2005,513.0,10.87,16.22,5.58,0.15,12,8.3,33.3,58.3
Comrat,2006,533.3,11.04,16.41,5.82,0.11,12,8.3,8.3,83.3
Comrat,2007,577.7,10.66,16.08,5.42,0.36,12,0.0,25.0,75.0
Comrat,2008,519.4,11.23,16.45,6.24,0.1,12,8.3,16.7,75.0
Comrat,2009,553.1,11.11,16.41,5.75,0.14,12,16.7,16.7,66.7
Comrat,2010,457.1,11.9,17.12,6.52,-0.19,12,25.0,16.7,58.3
Comrat,2011,541.1,10.37,15.45,5.3,0.25,12,16.7,25.0,58.3
Comrat,2012,391.5,11.78,16.92,6.55,-0.3,12,25.0,16.7,58.3
Comrat,2013,293.4,12.24,17.27,7.03,-0.51,12,41.7,16.7,41.7
Comrat,2014,414.2,10.46,15.89,5.12,-0.17,12,16.7,8.3,75.0
Comrat,2015,541.3,11.48,16.68,6.18,0.12,12,8.3,25.0,66.7
Comrat,2016,430.0,11.57,16.93,6.14,-0.11,12,25.0,16.7,58.3
Comrat,2017,609.1,11.94,17.18,6.44,0.13,12,8.3,25.0,66.7
Comrat,2018,566.0,11.53,16.87,6.26,0.09,12,16.7,8.3,75.0
Comrat,2019,476.9,12.23,17.27,6.97,-0.05,12,25.0,25.0,50.0
Comrat,2020,443.7,12.18,17.32,6.72,-0.15,12,25.0,16.7,58.3
Cornesti,1961,820.6,10.05,15.34,4.48,0.39,10,10.0,20.0,70.0
Cornesti,1962,531.0,10.77,15.76,5.51,0.1,12,25.0,25.0,50.0
Cornesti,1963,641.9,10.24,15.43,4.92,0.24,12,16.7,0.0,83.3
Cornesti,1964,534.1,10.5,15.71,5.46,0.06,12,0.0,16.7,83.3
Cornesti,1965,505.3,9.48,14.74,4.26,0.02,12,0.0,8.3,91.7
Cornesti,1966,460.2,10.32,15.69,5.05,-0.28,12,41.7,16.7,41.7
Cornesti,1967,348.0,10.42,15.51,5.0,-0.39,12,41.7,25.0,33.3
Cornesti,1968,287.2,9.43,14.56,4.22,-0.53,12,41.7,8.3,50.0
Cornesti,1969,594.7,9.8,15.09,4.62,0.13,12,16.7,25.0,58.3
Cornesti,1970,488.4,10.41,15.53,5.01,-0.07,12,25.0,8.3,66.7
Cornesti,1971,348.7,9.14,14.44,3.91,-0.26,12,25.0,8.3,66.7
Cornesti,1972,520.2,9.85,15.24,4.68,-0.02,12,25.0,16.7,58.3
Cornesti,1973,414.1,8.67,13.96,3.66,-0.05,12,8.3,0.0,91.7
Cornesti,1974,578.5,9.21,14.65,3.88,0.21,12,16.7,33.3,50.0
Cornesti,1975,349.3,9.33,14.55,4.19,-0.34,12,41.7,8.3,50.0
Cornesti,1976,447.9,8.88,14.25,3.66,-0.05,12,0.0,0.0,100.0
Cornesti,1977,602.8,9.1,14.29,3.95,0.22,12,8.3,8.3,83.3
Cornesti,1978,569.1,9.78,15.11,4.62,0.18,12,0.0,25.0,75.0
Cornesti,1979,412.3,9.42,14.74,4.18,-0.2,12,0.0,0.0,100.0
Cornesti,1980,433.2,8.36,13.82,3.3,-0.08,12,25.0,25.0,50.0
Cornesti,1981,530.5,9.56,15.0,4.21,-0.04,12,25.0,16.7,58.3
Cornesti,1982,563.0,10.64,15.68,5.43,0.08,12,16.7,25.0,58.3
Cornesti,1983,603.9,10.33,15.61,5.0,0.25,12,0.0,8.3,91.7
Cornesti,1984,613.8,10.61,15.8,5.35,0.19,12,0.0,25.0,75.0
Cornesti,1985,879.3,9.22,14.63,3.99,0.88,12,0.0,50.0,50.0
Cornesti,1986,436.7,10.16,15.38,4.9,-0.18,12,33.3,25.0,41.7
Cornesti,1987,603.4,10.26,15.51,4.7,0.16,12,8.3,25.0,66.7
Cornesti,1988,310.4,9.99,15.15,5.01,-0.43,12,41.7,16.7,41.7
Cornesti,1989,473.3,10.11,15.23,4.82,-0.13,12,33.3,25.0,41.7
Cornesti,1990,684.9,9.93,15.06,4.87,0.35,12,25.0,41.7,33.3
Cornesti,1991,506.1,9.24,14.63,4.13,0.06,12,8.3,25.0,66.7
Cornesti,1992,562.4,10.48,15.39,5.14,0.04,12,25.0,25.0,50.0
Cornesti,1993,484.1,8.92,14.32,3.87,0.15,12,25.0,16.7,58.3
Cornesti,1994,406.1,9.83,15.13,4.59,-0.29,12,25.0,0.0,75.0
Cornesti,1995,370.4,9.68,14.98,4.26,-0.26,12,33.3,8.3,58.3
Cornesti,1996,512.9,9.12,14.47,4.01,0.04,12,8.3,8.3,83.3
Cornesti,1997,415.1,10.46,15.4,5.1,-0.29,12,41.7,16.7,41.7
Cornesti,1998,659.2,10.72,15.96,5.32,0.18,12,16.7,25.0,58.3
Cornesti,1999,456.8,9.26,14.38,4.37,0.02,12,25.0,25.0,50.0
Cornesti,2000,440.7,10.3,15.69,4.97,-0.27,12,33.3,25.0,41.7
Cornesti,2001,471.1,9.67,14.69,4.56,-0.05,12,0.0,16.7,83.3
Cornesti,2002,511.9,9.18,14.36,3.92,0.15,12,0.0,25.0,75.0
Cornesti,2003,497.6,10.58,15.87,5.38,-0.2,12,25.0,0.0,75.0
Cornesti,2004,746.4,11.42,16.41,6.02,0.42,12,25.0,50.0,25.0
Cornesti,2005,735.8,9.45,14.68,4.32,0.58,12,8.3,33.3,58.3
Cornesti,2006,478.4,10.37,15.49,5.09,-0.19,12,33.3,33.3,33.3
Cornesti,2007,558.8,9.63,14.63,4.62,0.21,12,8.3,25.0,66.7
Cornesti,2008,504.3,10.24,15.57,4.98,-0.15,12,25.0,0.0,75.0
Cornesti,2009,506.2,10.53,15.74,5.1,-0.02,12,16.7,25.0,58.3
Cornesti,2010,494.7,9.67,14.89,4.47,-0.06,12,33.3,16.7,50.0
Cornesti,2011,618.3,10.13,15.32,5.01,0.21,12,8.3,16.7,75.0
Cornesti,2012,522.1,10.36,15.37,5.19,0.03,12,16.7,16.7,66.7
Cornesti,2013,549.9,9.15,14.28,4.05,0.18,12,25.0,33.3,41.7
Cornesti,2014,415.5,9.58,14.81,4.18,-0.34,12,41.7,16.7,41.7
Cornesti,2015,599.8,9.54,14.68,4.27,0.26,12,25.0,33.3,41.7
Cornesti,2016,357.8,9.63,14.93,4.44,-0.3,12,25.0,8.3,66.7
Cornesti,2017,427.6,9.39,14.77,4.13,-0.16,12,0.0,0.0,100.0
Cornesti,2018,551.1,9.28,14.83,4.06,0.11,12,0.0,0.0,100.0
Cornesti,2019,495.7,9.69,14.98,4.56,-0.05,12,8.3,25.0,66.7
Cornesti,2020,355.1,9.51,14.72,4.34,-0.38,12,41.7,8.3,50.0
Dubasari,1961,388.2,9.46,14.75,4.38,-0.73,10,50.0,0.0,50.0
Dubasari,1962,600.5,9.87,15.19,4.61,0.19,12,0.0,25.0,75.0
Dubasari,1963,400.8,9.38,14.7,4.13,-0.43,12,33.3,8.3,58.3
Dubasari,1964,618.0,9.35,14.66,4.08,0.27,12,8.3,25.0,66.7
Dubasari,1965,501.5,9.79,15.13,4.32,-0.19,12,25.0,0.0,75.0
Dubasari,1966,534.8,9.68,15.01,4.4,-0.05,12,16.7,16.7,66.7
Dubasari,1967,640.4,10.79,15.87,5.53,0.12,12,16.7,25.0,58.3
Dubasari,1968,565.7,10.69,15.97,5.43,-0.13,12,8.3,0.0,91.7
Dubasari,1969,609.8,9.69,14.98,4.37,0.14,12,8.3,25.0,66.7
Dubasari,1970,401.9,9.81,14.99,4.69,-0.3,12,33.3,25.0,41.7
Dubasari,1971,455.6,10.02,15.08,4.41,-0.28,12,25.0,8.3,66.7
Dubasari,1972,555.8,10.44,15.46,4.97,-0.04,12,8.3,8.3,83.3
Dubasari,1973,545.8,10.92,16.04,5.53,-0.27,12,33.3,16.7,50.0
Dubasari,1974,712.8,10.59,15.48,5.47,0.32,12,16.7,25.0,58.3
Dubasari,1975,531.8,9.89,15.31,4.75,-0.09,12,16.7,25.0,58.3
Dubasari,1976,686.9,10.82,15.95,5.49,0.13,12,25.0,33.3,41.7
Dubasari,1977,585.5,9.72,14.88,4.48,0.08,12,16.7,25.0,58.3
Dubasari,1978,483.3,9.9,15.18,4.67,-0.09,12,41.7,25.0,33.3
Dubasari,1979,582.9,9.96,15.11,4.97,0.0,12,16.7,8.3,75.0
Dubasari,1980,441.2,10.3,15.29,5.09,-0.25,12,8.3,0.0,91.7
Dubasari,1981,597.2,10.36,15.61,5.06,0.06,12,0.0,0.0,100.0
Dubasari,1982,750.0,10.7,15.98,5.17,0.23,12,0.0,25.0,75.0
Dubasari,1983,599.8,8.79,14.12,3.69,0.39,12,0.0,25.0,75.0
Dubasari,1984,420.6,10.5,15.62,5.24,-0.36,12,25.0,0.0,75.0
Dubasari,1985,526.5,10.38,15.6,5.24,-0.1,12,25.0,8.3,66.7
Dubasari,1986,442.1,9.63,14.78,4.49,-0.28,12,33.3,8.3,58.3
Dubasari,1987,897.0,9.99,15.27,4.78,0.8,12,0.0,50.0,50.0
Dubasari,1988,483.1,9.48,14.74,4.41,-0.07,12,16.7,25.0,58.3
Dubasari,1989,513.9,10.26,15.35,5.02,-0.16,12,16.7,0.0,83.3
Dubasari,1990,470.0,10.19,15.22,4.94,-0.25,12,33.3,25.0,41.7
Dubasari,1991,480.5,10.88,16.14,5.54,-0.45,12,33.3,0.0,66.7
Dubasari,1992,551.9,10.38,15.61,5.24,-0.04,12,33.3,25.0,41.7
Dubasari,1993,568.0,11.25,16.32,5.97,-0.08,12,33.3,25.0,41.7
Dubasari,1994,417.3,8.88,14.24,3.78,-0.32,12,25.0,0.0,75.0
Dubasari,1995,539.4,10.16,15.59,5.02,-0.13,12,25.0,8.3,66.7
Dubasari,1996,614.8,9.37,14.67,4.14,0.2,12,8.3,16.7,75.0
Dubasari,1997,776.8,11.03,16.07,5.63,0.41,12,8.3,33.3,58.3
Dubasari,1998,419.3,10.33,15.38,4.8,-0.36,12,33.3,8.3,58.3
Dubasari,1999,728.4,11.17,16.31,5.74,0.21,12,16.7,33.3,50.0
Dubasari,2000,952.9,10.16,15.28,4.78,0.92,12,0.0,50.0,50.0
Dubasari,2001,356.0,8.92,14.12,3.58,-0.33,12,25.0,8.3,66.7
Dubasari,2002,654.3,9.79,14.93,4.51,0.27,12,0.0,25.0,75.0
Dubasari,2003,549.2,9.84,14.93,4.42,0.04,12,0.0,0.0,100.0
Dubasari,2004,754.2,9.21,14.61,4.18,0.63,12,0.0,25.0,75.0
Dubasari,2005,664.3,9.98,15.35,4.97,0.15,12,8.3,16.7,75.0
Dubasari,2006,816.7,9.93,15.14,4.64,0.83,12,0.0,33.3,66.7
Dubasari,2007,423.5,10.39,15.84,5.22,-0.37,12,25.0,8.3,66.7
Dubasari,2008,611.5,9.75,14.91,4.82,0.08,12,25.0,33.3,41.7
Dubasari,2009,672.5,10.49,15.61,5.05,0.21,12,16.7,33.3,50.0
Dubasari,2010,656.3,10.06,15.2,4.7,0.25,12,25.0,33.3,41.7
Dubasari,2011,522.3,9.61,14.82,4.6,0.01,12,8.3,8.3,83.3
Dubasari,2012,594.8,9.81,15.06,4.43,0.16,12,16.7,16.7,66.7
Dubasari,2013,357.5,8.91,14.1,3.65,-0.36,12,33.3,8.3,58.3
Dubasari,2014,703.7,9.92,15.06,4.72,0.3,12,0.0,8.3,91.7
Dubasari,2015,448.3,9.13,14.47,4.17,-0.14,12,8.3,16.7,75.0
Dubasari,2016,565.8,9.68,15.03,4.63,0.04,12,8.3,16.7,75.0
Dubasari,2017,567.0,10.06,15.28,4.72,-0.08,12,16.7,16.7,66.7
Dubasari,2018,338.5,10.02,15.22,4.84,-0.36,12,41.7,16.7,41.7
Dubasari,2019,379.8,9.7,15.02,4.7,-0.43,12,33.3,0.0,66.7
Dubasari,2020,531.5,10.07,15.52,4.78,-0.08,12,41.7,33.3,25.0
Falesti,1961,610.8,11.38,16.36,5.93,-0.28,10,0.0,0.0,100.0
Falesti,1962,938.3,9.45,15.02,4.23,1.07,12,0.0,75.0,25.0
Falesti,1963,440.2,10.31,15.47,4.9,-0.25,12,33.3,25.0,41.7
Falesti,1964,450.2,9.22,14.45,3.91,-0.19,12,33.3,16.7,50.0
Falesti,1965,585.0,9.61,14.68,4.58,0.12,12,16.7,25.0,58.3
Falesti,1966,573.4,9.43,14.9,4.18,0.12,12,25.0,16.7,58.3
Falesti,1967,654.9,9.97,15.38,4.76,0.12,12,8.3,25.0,66.7
Falesti,1968,540.7,9.33,14.6,4.19,-0.01,12,25.0,25.0,50.0
Falesti,1969,507.7,9.99,15.17,4.71,-0.02,12,25.0,25.0,50.0
Falesti,1970,446.1,8.98,14.3,3.73,-0.13,12,16.7,16.7,66.7
Falesti,1971,574.2,10.42,15.52,4.92,0.02,12,0.0,25.0,75.0
Falesti,1972,743.7,10.22,15.5,4.75,0.4,12,0.0,25.0,75.0
Falesti,1973,392.6,9.54,14.69,4.42,-0.36,12,41.7,0.0,58.3
Falesti,1974,626.3,10.77,15.83,5.33,0.07,12,0.0,16.7,83.3
Falesti,1975,507.3,9.87,15.01,4.53,-0.13,12,16.7,0.0,83.3
Falesti,1976,568.7,9.87,15.17,4.69,0.05,12,8.3,8.3,83.3
Falesti,1977,574.2,9.92,15.23,4.68,-0.06,12,33.3,25.0,41.7
Falesti,1978,512.4,9.88,15.0,4.77,-0.04,12,16.7,8.3,75.0
Falesti,1979,493.0,8.75,14.06,3.6,0.0,12,25.0,16.7,58.3
Falesti,1980,535.0,8.72,14.17,3.4,0.1,12,0.0,25.0,75.0
Falesti,1981,493.1,9.37,14.43,4.07,-0.1,12,25.0,25.0,50.0
Falesti,1982,578.3,9.23,14.59,3.87,0.1,12,16.7,8.3,75.0
Falesti,1983,461.6,10.37,15.64,4.82,-0.3,12,41.7,16.7,41.7
Falesti,1984,639.0,9.65,14.91,4.55,-0.0,12,25.0,16.7,58.3
Falesti,1985,705.0,9.51,14.73,4.28,0.67,12,0.0,33.3,66.7
Falesti,1986,502.6,10.83,16.18,5.58,-0.09,12,0.0,8.3,91.7
Falesti,1987,504.7,9.33,14.51,4.22,-0.07,12,16.7,0.0,83.3
Falesti,1988,374.6,10.66,15.73,5.32,-0.49,12,33.3,8.3,58.3
Falesti,1989,386.3,9.79,15.12,4.58,-0.41,12,41.7,8.3,50.0
Falesti,1990,410.2,10.18,15.42,4.77,-0.3,12,25.0,16.7,58.3
Falesti,1991,408.2,10.13,15.42,4.77,-0.57,12,41.7,25.0,33.3
Falesti,1992,434.6,10.83,15.99,5.44,-0.26,12,41.7,33.3,25.0
Falesti,1993,489.5,10.73,15.78,5.4,-0.27,12,33.3,25.0,41.7
Falesti,1994,560.8,9.98,15.16,4.77,0.05,12,0.0,0.0,100.0
Falesti,1995,447.5,10.75,15.9,5.41,-0.34,12,33.3,0.0,66.7
Falesti,1996,626.3,8.42,13.76,3.26,0.37,12,8.3,25.0,66.7
Falesti,1997,729.5,9.47,14.86,4.18,0.5,12,0.0,25.0,75.0
Falesti,1998,640.9,9.79,14.98,4.37,0.24,12,25.0,41.7,33.3
Falesti,1999,606.0,9.11,14.4,3.82,0.12,12,8.3,25.0,66.7
Falesti,2000,561.3,9.39,14.46,4.27,0.22,12,0.0,16.7,83.3
Falesti,2001,571.1,9.66,14.98,4.47,0.05,12,0.0,0.0,100.0
Falesti,2002,448.5,9.38,14.67,4.29,-0.18,12,25.0,16.7,58.3
Falesti,2003,497.5,9.88,15.05,4.67,-0.03,12,0.0,8.3,91.7
Falesti,2004,460.5,9.81,15.07,4.34,-0.19,12,25.0,8.3,66.7
Falesti,2005,591.9,10.23,15.41,5.13,0.02,12,25.0,16.7,58.3
Falesti,2006,506.5,10.42,15.72,5.26,-0.23,12,8.3,0.0,91.7
Falesti,2007,484.1,10.48,15.73,5.43,-0.23,12,25.0,8.3,66.7
Falesti,2008,583.1,9.52,15.01,4.33,0.09,12,0.0,0.0,100.0
Falesti,2009,828.4,8.38,13.74,3.34,0.84,12,0.0,50.0,50.0
Falesti,2010,586.0,9.93,15.18,4.63,0.12,12,16.7,25.0,58.3
Falesti,2011,591.0,10.06,15.25,4.62,0.05,12,16.7,0.0,83.3
Falesti,2012,483.9,9.56,14.74,4.25,-0.11,12,16.7,8.3,75.0
Falesti,2013,401.6,10.26,15.62,5.03,-0.37,12,41.7,16.7,41.7
Falesti,2014,537.3,8.49,13.92,3.38,0.12,12,0.0,16.7,83.3
Falesti,2015,478.3,10.02,15.22,4.58,-0.2,12,33.3,25.0,41.7
Falesti,2016,438.8,9.69,14.82,4.3,-0.27,12,25.0,16.7,58.3
Falesti,2017,634.1,9.66,15.05,4.46,0.24,12,0.0,16.7,83.3
Falesti,2018,388.3,9.67,15.1,4.53,-0.36,12,41.7,25.0,33.3
Falesti,2019,770.2,9.67,14.9,4.5,0.47,12,0.0,33.3,66.7
Falesti,2020,732.4,9.78,15.02,4.58,0.45,12,8.3,33.3,58.3
Leova,1961,366.1,10.28,15.74,5.28,-0.28,10,20.0,10.0,70.0
Leova,1962,528.2,10.67,15.87,5.39,0.23,12,16.7,16.7,66.7
Leova,1963,605.0,10.96,16.06,5.82,0.41,12,8.3,33.3,58.3
Leova,1964,462.5,11.88,17.02,6.59,-0.05,12,25.0,16.7,58.3
Leova,1965,509.1,11.54,16.73,6.07,0.14,12,16.7,25.0,58.3
Leova,1966,538.7,12.64,17.76,7.11,0.08,12,0.0,8.3,91.7
Leova,1967,451.4,11.07,16.34,5.81,-0.07,12,25.0,25.0,50.0
Leova,1968,395.7,10.21,15.6,4.97,0.01,12,25.0,25.0,50.0
Leova,1969,444.5,12.5,17.84,7.12,-0.17,12,25.0,16.7,58.3
Leova,1970,426.0,11.6,16.72,6.25,-0.1,12,25.0,25.0,50.0
Leova,1971,368.6,12.03,17.13,6.57,-0.24,12,16.7,16.7,66.7
Leova,1972,465.0,12.4,17.5,6.86,-0.12,12,0.0,0.0,100.0
Leova,1973,601.3,11.2,16.47,6.01,0.14,12,25.0,25.0,50.0
Leova,1974,380.1,11.35,16.63,6.18,-0.06,12,33.3,25.0,41.7
Leova,1975,425.6,11.41,16.5,6.17,-0.01,12,25.0,25.0,50.0
Leova,1976,625.4,11.02,16.44,5.7,0.44,12,0.0,25.0,75.0
Leova,1977,455.8,10.58,15.68,5.48,0.22,12,0.0,16.7,83.3
Leova,1978,406.9,11.58,16.86,6.04,-0.17,12,25.0,0.0,75.0
Leova,1979,556.2,11.13,16.53,5.73,0.24,12,8.3,25.0,66.7
Leova,1980,604.7,10.76,15.98,5.67,0.38,12,0.0,25.0,75.0
Leova,1981,524.9,11.97,17.13,6.82,0.08,12,16.7,16.7,66.7
Leova,1982,548.5,12.31,17.36,6.99,0.15,12,16.7,25.0,58.3
Leova,1983,450.7,11.96,16.96,6.64,-0.11,12,25.0,16.7,58.3
Leova,1984,482.4,11.36,16.48,6.07,0.06,12,16.7,16.7,66.7
Leova,1985,393.0,10.85,16.15,5.71,-0.08,12,16.7,16.7,66.7
Leova,1986,510.4,12.5,17.59,7.19,-0.02,12,16.7,16.7,66.7
Leova,1987,483.4,11.24,16.58,5.97,0.09,12,16.7,16.7,66.7
Leova,1988,558.8,11.17,16.23,6.02,0.19,12,16.7,33.3,50.0
Leova,1989,476.7,11.87,17.05,6.49,0.11,12,16.7,25.0,58.3
Leova,1990,400.0,11.37,16.79,6.04,-0.15,12,16.7,8.3,75.0
Leova,1991,276.8,10.94,16.21,5.71,-0.37,12,41.7,16.7,41.7
Leova,1992,578.7,11.12,16.67,5.97,0.37,12,16.7,25.0,58.3
Leova,1993,624.4,11.23,16.72,5.97,0.39,12,0.0,0.0,100.0
Leova,1994,562.7,11.62,16.62,6.21,0.23,12,25.0,25.0,50.0
Leova,1995,584.0,11.01,16.22,5.79,0.42,12,0.0,25.0,75.0
Leova,1996,410.6,11.64,16.96,6.44,-0.19,12,16.7,0.0,83.3
Leova,1997,353.1,11.7,16.73,6.5,-0.27,12,33.3,25.0,41.7
Leova,1998,286.6,11.47,16.79,6.43,-0.39,12,33.3,0.0,66.7
Leova,1999,365.3,12.53,17.62,7.19,-0.36,12,41.7,25.0,33.3
Leova,2000,376.4,11.28,16.55,6.08,-0.19,12,8.3,8.3,83.3
Leova,2001,603.0,10.65,15.96,5.4,0.37,12,0.0,25.0,75.0
Leova,2002,551.3,12.34,17.45,7.03,0.17,12,8.3,25.0,66.7
Leova,2003,418.3,10.36,15.66,5.17,0.03,12,25.0,16.7,58.3
Leova,2004,463.3,11.93,17.06,6.85,-0.02,12,0.0,16.7,83.3
Leova,2005,403.6,11.41,16.89,5.96,-0.22,12,41.7,33.3,25.0
Leova,2006,374.8,11.01,16.47,5.72,-0.14,12,33.3,33.3,33.3
Leova,2007,578.1,10.62,15.8,5.5,0.39,12,16.7,33.3,50.0
Leova,2008,405.0,12.0,17.21,6.58,-0.14,12,0.0,16.7,83.3
Leova,2009,492.0,11.72,16.84,6.43,-0.01,12,25.0,25.0,50.0
Leova,2010,436.8,12.0,17.25,6.72,-0.08,12,25.0,16.7,58.3
Leova,2011,382.8,11.96,16.97,6.44,-0.27,12,33.3,16.7,50.0
Leova,2012,369.2,12.16,17.25,6.65,-0.27,12,33.3,25.0,41.7
Leova,2013,435.1,11.53,16.96,6.14,-0.18,12,25.0,0.0,75.0
Leova,2014,478.5,12.42,17.55,6.97,0.06,12,16.7,16.7,66.7
Leova,2015,480.3,12.48,17.64,7.17,-0.16,12,25.0,16.7,58.3
Leova,2016,301.7,11.55,16.48,6.23,-0.36,12,33.3,16.7,50.0
Leova,2017,412.2,11.68,16.73,6.3,-0.22,12,33.3,25.0,41.7
Leova,2018,533.9,11.5,16.69,6.43,0.17,12,25.0,41.7,33.3
Leova,2019,408.7,11.59,16.59,6.24,-0.11,12,41.7,25.0,33.3
Leova,2020,454.8,12.18,17.3,6.75,-0.07,12,8.3,8.3,83.3
Rabnita,1961,596.1,9.82,15.05,4.42,0.01,10,0.0,0.0,100.0
Rabnita,1962,561.8,9.08,14.57,3.93,0.18,12,0.0,16.7,83.3
Rabnita,1963,513.9,10.02,15.34,4.77,0.01,12,25.0,8.3,66.7
Rabnita,1964,405.4,9.51,14.75,4.38,-0.29,12,33.3,0.0,66.7
Rabnita,1965,767.0,9.27,14.68,4.11,0.76,12,0.0,25.0,75.0
Rabnita,1966,578.4,8.86,14.52,3.47,0.21,12,0.0,25.0,75.0
Rabnita,1967,545.9,10.37,15.4,5.16,0.01,12,25.0,0.0,75.0
Rabnita,1968,499.7,9.72,14.81,4.48,-0.08,12,8.3,8.3,83.3
Rabnita,1969,643.4,10.53,15.77,5.23,0.25,12,0.0,16.7,83.3
Rabnita,1970,492.6,9.11,14.53,3.95,-0.15,12,33.3,8.3,58.3
Rabnita,1971,492.4,10.19,15.33,4.78,-0.01,12,8.3,16.7,75.0
Rabnita,1972,522.1,9.57,14.93,4.18,0.04,12,33.3,25.0,41.7
Rabnita,1973,374.2,9.87,15.22,4.73,-0.28,12,25.0,8.3,66.7
Rabnita,1974,742.1,9.9,15.21,4.61,0.55,12,8.3,41.7,50.0
Rabnita,1975,665.9,9.67,14.77,4.48,0.37,12,0.0,25.0,75.0
Rabnita,1976,714.0,10.28,15.48,5.03,0.35,12,8.3,33.3,58.3
Rabnita,1977,563.5,9.93,15.4,4.75,0.11,12,25.0,33.3,41.7
Rabnita,1978,365.3,9.38,14.4,4.33,-0.24,12,33.3,16.7,50.0
Rabnita,1979,556.9,9.58,14.87,4.49,0.11,12,8.3,16.7,75.0
Rabnita,1980,364.7,7.74,13.24,2.72,-0.12,12,25.0,25.0,50.0
Rabnita,1981,492.8,9.61,14.8,4.5,-0.11,12,8.3,0.0,91.7
Rabnita,1982,559.4,10.66,15.85,5.37,0.06,12,16.7,25.0,58.3
Rabnita,1983,399.6,9.49,14.9,4.34,-0.22,12,41.7,25.0,33.3
Rabnita,1984,378.6,10.17,15.62,5.06,-0.48,12,41.7,0.0,58.3
Rabnita,1985,455.2,9.95,15.11,4.61,-0.17,12,33.3,16.7,50.0
Rabnita,1986,374.9,9.72,14.95,4.41,-0.41,12,33.3,8.3,58.3
Rabnita,1987,438.3,10.4,15.66,5.17,-0.27,12,25.0,0.0,75.0
Rabnita,1988,511.8,10.27,15.61,4.96,-0.22,12,33.3,25.0,41.7
Rabnita,1989,631.4,9.83,15.1,4.57,0.33,12,0.0,33.3,66.7
Rabnita,1990,522.0,10.38,15.69,5.07,-0.11,12,8.3,25.0,66.7
Rabnita,1991,328.3,8.88,14.17,3.86,-0.32,12,41.7,8.3,50.0
Rabnita,1992,582.4,8.84,14.31,3.65,0.3,12,8.3,25.0,66.7
Rabnita,1993,515.0,9.51,14.68,4.14,0.1,12,16.7,16.7,66.7
Rabnita,1994,474.9,10.48,15.68,5.22,-0.22,12,33.3,16.7,50.0
Rabnita,1995,352.3,9.64,14.88,4.44,-0.44,12,33.3,8.3,58.3
Rabnita,1996,545.2,11.59,16.51,6.07,-0.12,12,16.7,16.7,66.7
Rabnita,1997,531.6,9.4,14.71,4.25,-0.06,12,8.3,8.3,83.3
Rabnita,1998,431.8,10.23,15.52,5.04,-0.05,12,16.7,16.7,66.7
Rabnita,1999,393.5,10.75,15.99,5.29,-0.44,12,33.3,16.7,50.0
Rabnita,2000,700.9,9.84,14.88,4.52,0.42,12,0.0,33.3,66.7
Rabnita,2001,548.6,10.01,15.24,4.77,0.18,12,16.7,16.7,66.7
Rabnita,2002,835.6,11.56,16.53,5.98,0.44,12,0.0,25.0,75.0
Rabnita,2003,540.8,9.24,14.7,4.05,0.29,12,8.3,33.3,58.3
Rabnita,2004,414.6,10.31,15.54,5.05,-0.41,12,50.0,16.7,33.3
Rabnita,2005,505.6,9.88,15.21,4.45,-0.09,12,25.0,16.7,58.3
Rabnita,2006,603.2,9.6,14.9,4.29,0.27,12,0.0,25.0,75.0
Rabnita,2007,561.7,9.54,14.87,4.38,0.04,12,25.0,16.7,58.3
Rabnita,2008,427.9,10.0,15.16,4.62,-0.2,12,25.0,16.7,58.3
Rabnita,2009,531.7,11.2,16.2,6.04,-0.17,12,41.7,16.7,41.7
Rabnita,2010,608.3,10.13,15.32,4.7,0.1,12,8.3,25.0,66.7
Rabnita,2011,444.7,10.17,15.55,5.09,-0.14,12,33.3,25.0,41.7
Rabnita,2012,578.4,9.02,14.25,3.85,0.2,12,8.3,33.3,58.3
Rabnita,2013,360.9,10.17,15.33,5.04,-0.44,12,33.3,16.7,50.0
Rabnita,2014,449.2,10.43,15.59,5.05,-0.18,12,16.7,8.3,75.0
Rabnita,2015,924.5,9.85,15.02,4.64,0.89,12,0.0,50.0,50.0
Rabnita,2016,304.4,10.38,15.63,5.05,-0.52,12,41.7,8.3,50.0
Rabnita,2017,536.8,9.6,14.92,4.18,-0.06,12,16.7,8.3,75.0
Rabnita,2018,479.1,9.78,14.87,4.65,0.0,12,8.3,16.7,75.0
Rabnita,2019,655.4,10.74,15.89,5.34,0.27,12,0.0,16.7,83.3
Rabnita,2020,590.9,9.54,14.94,4.42,0.17,12,16.7,8.3,75.0
Soroca,1961,472.3,9.42,14.47,4.17,-0.33,10,30.0,10.0,60.0
Soroca,1962,514.3,10.57,15.8,5.22,-0.06,12,25.0,16.7,58.3
Soroca,1963,650.3,10.64,15.93,5.35,0.22,12,16.7,0.0,83.3
Soroca,1964,331.0,8.85,14.12,3.5,-0.39,12,33.3,0.0,66.7
Soroca,1965,491.9,9.73,15.13,4.45,-0.12,12,33.3,25.0,41.7
Soroca,1966,663.2,9.84,15.28,4.77,0.23,12,8.3,33.3,58.3
Soroca,1967,431.1,9.64,14.76,4.7,-0.09,12,25.0,16.7,58.3
Soroca,1968,423.8,9.29,14.62,4.02,-0.21,12,33.3,25.0,41.7
Soroca,1969,545.4,9.59,14.8,4.34,0.07,12,0.0,8.3,91.7
Soroca,1970,393.3,10.07,15.48,4.89,-0.29,12,16.7,8.3,75.0
Soroca,1971,543.0,10.43,15.7,5.03,-0.09,12,33.3,25.0,41.7
Soroca,1972,439.0,9.98,15.2,4.69,-0.18,12,33.3,8.3,58.3
Soroca,1973,421.5,9.99,15.39,4.65,-0.23,12,25.0,8.3,66.7
Soroca,1974,646.1,9.08,14.62,3.96,0.28,12,0.0,16.7,83.3
Soroca,1975,452.3,10.12,15.56,4.94,-0.2,12,25.0,16.7,58.3
Soroca,1976,581.5,9.86,15.28,4.29,0.08,12,0.0,8.3,91.7
Soroca,1977,671.7,10.3,15.43,4.92,0.28,12,8.3,16.7,75.0
Soroca,1978,484.6,10.68,15.87,5.22,-0.2,12,25.0,16.7,58.3
Soroca,1979,564.3,9.45,14.81,4.2,-0.02,12,33.3,41.7,25.0
Soroca,1980,523.7,9.88,15.34,4.54,0.05,12,16.7,25.0,58.3
Soroca,1981,605.5,10.66,15.89,5.23,0.08,12,25.0,16.7,58.3
Soroca,1982,650.9,11.1,16.21,5.71,0.14,12,16.7,0.0,83.3
Soroca,1983,377.7,10.15,15.49,4.67,-0.4,12,33.3,16.7,50.0
Soroca,1984,538.2,10.08,15.25,4.81,0.01,12,0.0,8.3,91.7
Soroca,1985,490.8,10.47,15.77,5.21,-0.17,12,16.7,16.7,66.7
Soroca,1986,852.8,9.22,14.65,3.98,0.82,12,0.0,33.3,66.7
Soroca,1987,500.1,9.67,15.12,4.45,-0.1,12,8.3,0.0,91.7
Soroca,1988,381.4,9.84,15.07,4.67,-0.36,12,33.3,8.3,58.3
Soroca,1989,499.1,7.78,13.25,2.78,0.11,12,8.3,8.3,83.3
Soroca,1990,526.4,9.68,15.09,4.52,0.04,12,0.0,16.7,83.3
Soroca,1991,541.6,9.22,14.57,3.92,0.1,12,25.0,25.0,50.0
Soroca,1992,446.1,10.33,15.52,4.94,-0.19,12,25.0,16.7,58.3
Soroca,1993,463.4,11.62,16.61,6.21,-0.43,12,41.7,0.0,58.3
Soroca,1994,462.4,10.41,15.48,5.08,-0.36,12,33.3,0.0,66.7
Soroca,1995,423.4,9.55,14.82,4.21,-0.23,12,33.3,16.7,50.0
Soroca,1996,766.3,9.39,14.77,4.22,0.61,12,8.3,50.0,41.7
Soroca,1997,639.5,9.07,14.24,3.92,0.28,12,25.0,33.3,41.7
Soroca,1998,584.6,9.56,14.83,4.39,0.03,12,25.0,41.7,33.3
Soroca,1999,558.5,9.85,15.02,4.54,0.26,12,25.0,33.3,41.7
Soroca,2000,634.5,10.18,15.35,4.89,0.22,12,0.0,8.3,91.7
Soroca,2001,573.6,10.36,15.59,5.18,0.12,12,16.7,25.0,58.3
Soroca,2002,717.0,10.12,15.32,4.89,0.38,12,8.3,25.0,66.7
Soroca,2003,638.1,10.21,15.51,5.13,0.1,12,16.7,8.3,75.0
Soroca,2004,590.8,9.55,14.86,4.13,0.18,12,8.3,33.3,58.3
Soroca,2005,474.7,9.63,14.86,4.35,-0.02,12,25.0,33.3,41.7
Soroca,2006,485.6,10.16,15.19,4.83,-0.2,12,16.7,0.0,83.3
Soroca,2007,515.9,10.17,15.59,4.96,-0.17,12,16.7,0.0,83.3
Soroca,2008,689.5,10.13,15.4,4.87,0.21,12,8.3,33.3,58.3
Soroca,2009,532.0,10.03,15.3,4.74,0.1,12,50.0,25.0,25.0
Soroca,2010,454.9,9.28,14.66,4.0,-0.17,12,25.0,8.3,66.7
Soroca,2011,591.5,8.94,14.4,3.78,0.16,12,16.7,25.0,58.3
Soroca,2012,618.4,9.72,15.22,4.28,0.17,12,8.3,25.0,66.7
Soroca,2013,614.7,9.67,14.88,4.56,0.24,12,8.3,25.0,66.7
Soroca,2014,361.8,8.89,14.27,3.73,-0.22,12,25.0,16.7,58.3
Soroca,2015,558.1,8.83,14.46,3.61,0.16,12,8.3,8.3,83.3
Soroca,2016,577.8,11.28,16.42,5.68,-0.1,12,25.0,16.7,58.3
Soroca,2017,450.6,10.77,15.88,5.44,-0.19,12,25.0,8.3,66.7
Soroca,2018,570.7,10.14,15.44,5.0,-0.0,12,0.0,0.0,100.0
Soroca,2019,476.9,10.12,15.32,4.82,-0.11,12,33.3,25.0,41.7
Soroca,2020,475.9,9.06,14.41,3.72,0.04,12,8.3,8.3,83.3
Tiraspol,1961,660.0,11.54,16.8,6.22,-0.04,10,10.0,20.0,70.0
Tiraspol,1962,558.3,11.07,16.41,5.93,0.28,12,0.0,16.7,83.3
Tiraspol,1963,540.9,10.85,16.3,5.77,0.1,12,16.7,25.0,58.3
Tiraspol,1964,451.4,11.56,16.79,6.29,-0.16,12,33.3,33.3,33.3
Tiraspol,1965,748.5,10.77,16.12,5.52,0.72,12,0.0,41.7,58.3
Tiraspol,1966,464.8,10.66,16.0,5.38,0.02,12,8.3,0.0,91.7
Tiraspol,1967,546.0,11.02,16.37,5.62,0.16,12,8.3,25.0,66.7
Tiraspol,1968,643.4,12.07,17.21,6.53,0.11,12,16.7,16.7,66.7
Tiraspol,1969,450.6,10.95,16.13,5.88,0.06,12,16.7,16.7,66.7
Tiraspol,1970,449.2,11.96,16.85,6.68,-0.31,12,41.7,0.0,58.3
Tiraspol,1971,503.8,11.1,16.35,5.87,0.02,12,8.3,25.0,66.7
Tiraspol,1972,458.1,11.26,16.4,6.02,-0.03,12,16.7,16.7,66.7
Tiraspol,1973,814.9,11.19,16.57,5.82,0.67,12,0.0,25.0,75.0
Tiraspol,1974,505.1,11.46,16.58,6.21,0.04,12,25.0,25.0,50.0
Tiraspol,1975,494.8,11.09,16.31,6.09,0.07,12,8.3,25.0,66.7
Tiraspol,1976,437.1,11.26,16.58,5.95,-0.14,12,33.3,25.0,41.7
Tiraspol,1977,445.6,10.53,16.05,5.43,-0.1,12,25.0,25.0,50.0
Tiraspol,1978,405.1,11.38,16.52,6.28,-0.23,12,25.0,16.7,58.3
Tiraspol,1979,401.0,10.54,15.86,5.46,-0.13,12,33.3,25.0,41.7
Tiraspol,1980,383.5,11.5,16.82,6.29,-0.24,12,16.7,0.0,83.3
Tiraspol,1981,483.5,12.13,17.18,6.97,-0.19,12,8.3,0.0,91.7
Tiraspol,1982,492.7,11.56,17.11,6.21,-0.08,12,16.7,8.3,75.0
Tiraspol,1983,425.2,12.38,17.47,7.08,-0.29,12,41.7,16.7,41.7
Tiraspol,1984,334.0,11.32,16.41,6.06,-0.4,12,41.7,0.0,58.3
Tiraspol,1985,496.1,10.06,15.35,4.96,0.19,12,16.7,41.7,41.7
Tiraspol,1986,614.0,9.14,14.77,4.35,0.54,12,0.0,25.0,75.0
Tiraspol,1987,494.3,11.8,17.05,6.39,-0.15,12,25.0,16.7,58.3
Tiraspol,1988,419.6,11.08,16.44,5.85,-0.15,12,25.0,25.0,50.0
Tiraspol,1989,513.8,10.55,15.98,5.48,0.13,12,16.7,25.0,58.3
Tiraspol,1990,493.5,10.62,16.04,5.48,0.03,12,16.7,8.3,75.0
Tiraspol,1991,518.2,11.33,16.63,5.92,0.04,12,16.7,25.0,58.3
Tiraspol,1992,456.6,11.02,16.16,5.69,-0.08,12,25.0,25.0,50.0
Tiraspol,1993,501.6,11.66,16.89,6.54,-0.03,12,16.7,0.0,83.3
Tiraspol,1994,569.8,10.66,16.03,5.46,0.18,12,0.0,8.3,91.7
Tiraspol,1995,417.6,12.69,17.86,7.38,-0.36,12,41.7,25.0,33.3
Tiraspol,1996,540.4,11.89,16.9,6.62,0.01,12,0.0,0.0,100.0
Tiraspol,1997,352.7,11.79,17.22,6.74,-0.47,12,41.7,8.3,50.0
Tiraspol,1998,551.6,11.52,16.49,6.31,0.18,12,8.3,25.0,66.7
Tiraspol,1999,319.2,12.13,17.41,6.79,-0.54,12,41.7,16.7,41.7
Tiraspol,2000,450.1,11.22,16.32,5.86,-0.08,12,25.0,8.3,66.7
Tiraspol,2001,545.5,11.21,16.59,6.04,0.04,12,25.0,16.7,58.3
Tiraspol,2002,521.5,11.39,16.52,6.29,0.09,12,25.0,25.0,50.0
Tiraspol,2003,652.3,10.67,16.07,5.56,0.38,12,0.0,25.0,75.0
Tiraspol,2004,295.8,11.12,16.28,5.88,-0.37,12,33.3,16.7,50.0
Tiraspol,2005,456.4,10.75,15.92,5.54,-0.06,12,33.3,16.7,50.0
Tiraspol,2006,715.0,10.74,16.36,5.5,0.61,12,8.3,33.3,58.3
Tiraspol,2007,480.5,11.79,16.83,6.49,-0.15,12,16.7,0.0,83.3
Tiraspol,2008,278.6,11.32,16.73,6.14,-0.51,12,41.7,8.3,50.0
Tiraspol,2009,543.5,12.03,17.13,6.82,0.05,12,16.7,8.3,75.0
Tiraspol,2010,701.7,12.11,17.24,6.9,0.33,12,0.0,8.3,91.7
Tiraspol,2011,515.5,11.16,16.49,6.03,0.11,12,25.0,33.3,41.7
Tiraspol,2012,538.5,12.18,17.43,7.05,-0.07,12,16.7,0.0,83.3
Tiraspol,2013,625.0,9.92,15.44,4.88,0.36,12,0.0,25.0,75.0
Tiraspol,2014,471.5,11.0,16.09,5.66,0.09,12,33.3,33.3,33.3
Tiraspol,2015,577.0,10.23,15.71,5.07,0.27,12,0.0,16.7,83.3
Tiraspol,2016,455.6,12.35,17.31,7.14,-0.23,12,33.3,16.7,50.0
Tiraspol,2017,406.5,12.13,17.34,6.91,-0.31,12,25.0,8.3,66.7
Tiraspol,2018,441.1,12.05,17.27,6.64,-0.33,12,41.7,0.0,58.3
Tiraspol,2019,342.3,10.94,16.32,5.91,-0.25,12,33.3,25.0,41.7
Tiraspol,2020,757.0,10.98,16.32,5.68,0.57,12,0.0,33.3,66.7
