station,period,year_start,year_end,month,precip_monthly_mean,precip_monthly_std,t_med_mean,t_min_mean,t_max_mean,spei3_mean
Baltata,full,1961,2020,1,38.4,30.7,-3.22,-7.25,0.81,1.169
Baltata,full,1961,2020,2,27.3,19.2,-1.16,-5.16,2.8,1.166
Baltata,full,1961,2020,3,33.9,20.7,4.0,-1.06,9.0,0.951
Baltata,full,1961,2020,4,41.6,27.4,11.0,5.03,17.0,0.442
Baltata,full,1961,2020,5,56.5,37.9,15.87,9.85,21.91,-0.038
Baltata,full,1961,2020,6,68.6,46.0,19.53,13.61,25.6,-0.46
Baltata,full,1961,2020,7,66.8,39.5,21.86,15.81,27.93,-0.745
Baltata,full,1961,2020,8,53.6,38.2,20.82,14.83,26.82,-1.018
Baltata,full,1961,2020,9,41.7,23.9,15.99,9.94,22.06,-1.108
Baltata,full,1961,2020,10,34.0,19.2,10.01,4.94,15.04,-0.848
Baltata,full,1961,2020,11,45.4,32.0,4.02,-1.01,8.99,-0.102
Baltata,full,1961,2020,12,37.5,32.4,-0.91,-5.09,3.09,0.628
Baltata,p1,1961,1990,1,36.6,26.1,-3.07,-7.1,0.97,1.18
Baltata,p1,1961,1990,2,33.1,22.0,-1.01,-5.09,2.95,1.204
Baltata,p1,1961,1990,3,30.3,19.0,3.78,-1.32,8.86,0.967
Baltata,p1,1961,1990,4,38.4,22.4,10.94,5.0,16.9,0.448
Baltata,p1,1961,1990,5,46.8,25.7,15.96,9.94,21.99,-0.189
Baltata,p1,1961,1990,6,62.7,34.4,19.69,13.83,25.83,-0.653
Baltata,p1,1961,1990,7,64.2,32.4,22.36,16.11,28.34,-0.96
Baltata,p1,1961,1990,8,49.2,33.0,20.96,14.97,26.89,-1.183
Baltata,p1,1961,1990,9,45.1,27.1,16.04,10.12,22.19,-1.177
Baltata,p1,1961,1990,10,38.2,20.2,9.83,4.74,14.85,-0.816
Baltata,p1,1961,1990,11,50.4,34.1,4.05,-1.01,8.94,0.027
Baltata,p1,1961,1990,12,38.2,35.4,-0.76,-4.98,3.11,0.733
Baltata,p2,1991,2020,1,40.2,35.0,-3.37,-7.41,0.65,1.159
Baltata,p2,1991,2020,2,21.6,14.0,-1.32,-5.23,2.65,1.13
Baltata,p2,1991,2020,3,37.4,22.0,4.22,-0.8,9.13,0.935
Baltata,p2,1991,2020,4,44.7,31.8,11.07,5.06,17.09,0.435
Baltata,p2,1991,2020,5,66.2,45.5,15.78,9.77,21.84,0.114
Baltata,p2,1991,2020,6,74.5,55.2,19.37,13.4,25.37,-0.267
Baltata,p2,1991,2020,7,69.4,45.8,21.37,15.51,27.52,-0.53
Baltata,p2,1991,2020,8,58.0,42.8,20.68,14.69,26.76,-0.852
Baltata,p2,1991,2020,9,38.3,20.2,15.95,9.76,21.93,-1.039
Baltata,p2,1991,2020,10,29.8,17.5,10.2,5.14,15.23,-0.88
Baltata,p2,1991,2020,11,40.5,29.4,3.99,-1.01,9.04,-0.231
Baltata,p2,1991,2020,12,36.8,29.5,-1.06,-5.21,3.06,0.524
Balti,full,1961,2020,1,33.5,20.3,-3.3,-7.27,0.73,1.103
Balti,full,1961,2020,2,34.3,26.8,-1.17,-5.22,2.81,1.226
Balti,full,1961,2020,3,34.5,27.8,3.84,-1.09,8.86,1.047
Balti,full,1961,2020,4,37.6,26.7,10.97,4.97,16.96,0.54
Balti,full,1961,2020,5,40.0,22.9,16.1,10.24,22.1,-0.198
Balti,full,1961,2020,6,75.2,54.6,19.75,13.83,25.72,-0.587
Balti,full,1961,2020,7,66.6,37.5,21.77,15.86,27.83,-0.838
Balti,full,1961,2020,8,53.1,30.4,20.96,14.95,27.03,-0.951
Balti,full,1961,2020,9,41.4,30.4,15.88,9.98,21.89,-1.095
Balti,full,1961,2020,10,37.1,28.6,9.76,4.85,14.78,-0.789
Balti,full,1961,2020,11,41.0,29.2,4.05,-0.91,9.03,-0.064
Balti,full,1961,2020,12,33.4,22.3,-1.54,-5.5,2.57,0.644
Balti,p1,1961,1990,1,29.3,20.0,-3.14,-7.22,0.77,1.085
Balti,p1,1961,1990,2,34.7,23.5,-1.2,-5.28,2.67,1.211
Balti,p1,1961,1990,3,27.8,15.4,3.93,-1.09,8.9,0.943
Balti,p1,1961,1990,4,33.4,23.6,11.07,5.13,17.01,0.431
Balti,p1,1961,1990,5,37.6,22.0,16.11,10.24,22.12,-0.341
Balti,p1,1961,1990,6,80.2,63.9,19.79,13.82,25.68,-0.611
Balti,p1,1961,1990,7,66.6,42.2,21.78,15.85,27.89,-0.815
Balti,p1,1961,1990,8,54.0,31.3,21.1,15.06,27.18,-0.899
Balti,p1,1961,1990,9,43.8,34.0,15.95,10.06,22.03,-1.072
Balti,p1,1961,1990,10,38.9,28.9,9.79,4.9,14.74,-0.749
Balti,p1,1961,1990,11,41.6,26.6,3.92,-0.99,8.86,-0.014
Balti,p1,1961,1990,12,37.9,27.2,-1.1,-5.0,3.07,0.712
Balti,p2,1991,2020,1,37.7,20.0,-3.46,-7.32,0.69,1.12
Balti,p2,1991,2020,2,33.8,30.2,-1.14,-5.15,2.94,1.241
Balti,p2,1991,2020,3,41.2,35.2,3.76,-1.09,8.83,1.152
Balti,p2,1991,2020,4,41.8,29.3,10.87,4.82,16.91,0.649
Balti,p2,1991,2020,5,42.6,24.0,16.1,10.24,22.08,-0.054
Balti,p2,1991,2020,6,70.1,43.9,19.71,13.83,25.77,-0.564
Balti,p2,1991,2020,7,66.6,32.9,21.77,15.87,27.77,-0.862
Balti,p2,1991,2020,8,52.1,29.9,20.81,14.84,26.88,-1.002
Balti,p2,1991,2020,9,39.0,26.7,15.82,9.9,21.75,-1.118
Balti,p2,1991,2020,10,35.3,28.7,9.73,4.79,14.81,-0.829
Balti,p2,1991,2020,11,40.3,32.0,4.18,-0.82,9.2,-0.114
Balti,p2,1991,2020,12,28.9,15.2,-1.98,-5.99,2.06,0.576
Bravicea,full,1961,2020,1,40.5,36.8,-2.98,-6.95,1.01,1.035
Bravicea,full,1961,2020,2,30.7,20.8,-1.22,-5.32,2.79,1.145
Bravicea,full,1961,2020,3,33.2,25.6,3.9,-1.08,8.77,0.987
Bravicea,full,1961,2020,4,37.4,30.0,11.09,5.16,17.13,0.413
Bravicea,full,1961,2020,5,66.9,47.7,15.68,9.71,21.68,0.015
Bravicea,full,1961,2020,6,72.9,55.5,19.73,13.7,25.74,-0.371
Bravicea,full,1961,2020,7,63.1,46.1,21.56,15.63,27.58,-0.633
Bravicea,full,1961,2020,8,57.1,42.0,20.94,14.94,26.94,-0.986
Bravicea,full,1961,2020,9,44.8,25.0,16.08,10.09,21.98,-1.083
Bravicea,full,1961,2020,10,31.7,25.8,9.68,4.72,14.74,-0.809
Bravicea,full,1961,2020,11,38.4,21.4,3.93,-1.11,8.92,-0.159
Bravicea,full,1961,2020,12,31.6,26.2,-1.06,-5.09,3.04,0.483
Bravicea,p1,1961,1990,1,38.9,36.2,-2.97,-6.98,1.0,1.093
Bravicea,p1,1961,1990,2,29.8,23.1,-1.36,-5.52,2.73,1.17
Bravicea,p1,1961,1990,3,35.7,30.3,3.81,-1.25,8.79,0.997
Bravicea,p1,1961,1990,4,39.8,35.4,11.06,5.08,17.11,0.464
Bravicea,p1,1961,1990,5,59.0,46.5,15.81,9.95,21.83,-0.015
Bravicea,p1,1961,1990,6,73.3,56.1,19.57,13.61,25.56,-0.419
Bravicea,p1,1961,1990,7,66.7,50.8,21.91,15.99,27.97,-0.687
Bravicea,p1,1961,1990,8,48.5,21.8,21.13,15.02,27.22,-1.051
Bravicea,p1,1961,1990,9,41.4,26.4,16.22,10.19,22.19,-1.2
Bravicea,p1,1961,1990,10,33.4,29.1,9.97,5.05,14.99,-0.942
Bravicea,p1,1961,1990,11,40.5,22.0,3.91,-1.18,8.91,-0.176
Bravicea,p1,1961,1990,12,35.7,25.6,-0.99,-5.07,3.13,0.55
Bravicea,p2,1991,2020,1,42.2,38.0,-3.0,-6.93,1.02,0.979
Bravicea,p2,1991,2020,2,31.7,18.7,-1.09,-5.11,2.85,1.121
Bravicea,p2,1991,2020,3,30.7,20.0,4.0,-0.92,8.75,0.976
Bravicea,p2,1991,2020,4,35.0,23.8,11.12,5.23,17.15,0.362
Bravicea,p2,1991,2020,5,74.8,48.4,15.55,9.48,21.54,0.045
Bravicea,p2,1991,2020,6,72.6,55.8,19.88,13.78,25.91,-0.323
Bravicea,p2,1991,2020,7,59.4,41.4,21.2,15.27,27.2,-0.578
Bravicea,p2,1991,2020,8,65.8,54.4,20.76,14.86,26.66,-0.922
Bravicea,p2,1991,2020,9,48.3,23.4,15.93,9.98,21.78,-0.967
Bravicea,p2,1991,2020,10,30.0,22.4,9.39,4.4,14.48,-0.676
Bravicea,p2,1991,2020,11,36.2,20.9,3.94,-1.03,8.94,-0.142
Bravicea,p2,1991,2020,12,27.4,26.5,-1.13,-5.11,2.95,0.416
Briceni,full,1961,2020,1,33.6,24.5,-2.99,-6.91,0.95,1.082
Briceni,full,1961,2020,2,33.4,19.8,-1.32,-5.35,2.78,1.178
Briceni,full,1961,2020,3,36.5,26.0,3.96,-1.04,9.02,0.986
Briceni,full,1961,2020,4,39.6,28.3,11.28,5.32,17.33,0.486
Briceni,full,1961,2020,5,61.6,38.0,15.88,9.89,21.83,-0.01
Briceni,full,1961,2020,6,65.7,43.1,19.78,13.78,25.72,-0.506
Briceni,full,1961,2020,7,62.1,45.2,21.89,15.87,27.9,-0.81
Briceni,full,1961,2020,8,63.6,46.1,21.08,15.1,27.05,-1.048
Briceni,full,1961,2020,9,44.8,29.9,15.74,9.76,21.74,-1.055
Briceni,full,1961,2020,10,34.1,21.9,10.09,5.12,15.08,-0.747
Briceni,full,1961,2020,11,44.3,32.0,4.32,-0.6,9.18,-0.107
Briceni,full,1961,2020,12,37.1,24.8,-0.81,-4.83,3.26,0.586
Briceni,p1,1961,1990,1,30.5,26.1,-2.96,-6.82,1.01,1.049
Briceni,p1,1961,1990,2,32.5,17.9,-1.06,-5.13,2.99,1.149
Briceni,p1,1961,1990,3,32.4,19.7,4.16,-0.9,9.18,0.894
Briceni,p1,1961,1990,4,37.8,25.9,11.38,5.38,17.45,0.402
Briceni,p1,1961,1990,5,68.4,41.2,15.79,9.79,21.77,-0.012
Briceni,p1,1961,1990,6,73.2,43.1,19.69,13.66,25.65,-0.378
Briceni,p1,1961,1990,7,58.8,42.3,21.48,15.51,27.51,-0.672
Briceni,p1,1961,1990,8,73.5,55.8,21.28,15.35,27.24,-0.893
Briceni,p1,1961,1990,9,39.6,31.7,15.71,9.85,21.72,-1.029
Briceni,p1,1961,1990,10,34.6,22.0,9.78,4.89,14.73,-0.688
Briceni,p1,1961,1990,11,43.4,31.8,4.57,-0.29,9.39,-0.157
Briceni,p1,1961,1990,12,38.0,27.8,-0.81,-4.76,3.28,0.596
Briceni,p2,1991,2020,1,36.6,22.8,-3.01,-6.99,0.88,1.115
Briceni,p2,1991,2020,2,34.3,21.8,-1.58,-5.57,2.56,1.206
Briceni,p2,1991,2020,3,40.6,30.8,3.76,-1.18,8.87,1.079
Briceni,p2,1991,2020,4,41.4,30.9,11.19,5.25,17.21,0.571
Briceni,p2,1991,2020,5,54.9,33.9,15.98,9.99,21.9,-0.008
Briceni,p2,1991,2020,6,58.2,42.4,19.87,13.89,25.8,-0.634
Briceni,p2,1991,2020,7,65.5,48.3,22.3,16.24,28.29,-0.947
Briceni,p2,1991,2020,8,53.7,31.7,20.87,14.86,26.85,-1.202
Briceni,p2,1991,2020,9,50.0,27.6,15.77,9.67,21.77,-1.08
Briceni,p2,1991,2020,10,33.6,22.2,10.41,5.35,15.43,-0.806
Briceni,p2,1991,2020,11,45.1,32.6,4.07,-0.91,8.97,-0.056
Briceni,p2,1991,2020,12,36.1,21.8,-0.81,-4.91,3.23,0.576
Cahul,full,1961,2020,1,29.9,22.9,-1.17,-5.16,2.82,1.122
Cahul,full,1961,2020,2,29.6,21.6,0.66,-3.32,4.68,1.299
Cahul,full,1961,2020,3,31.0,19.6,5.39,0.48,10.46,1.066
Cahul,full,1961,2020,4,34.3,23.5,12.27,6.3,18.33,0.542
Cahul,full,1961,2020,5,52.7,33.4,17.42,11.42,23.48,-0.014
Cahul,full,1961,2020,6,58.6,43.8,21.72,15.72,27.72,-0.523
Cahul,full,1961,2020,7,54.8,33.0,23.85,17.88,29.89,-0.876
Cahul,full,1961,2020,8,45.9,31.2,22.81,16.71,28.79,-1.193
Cahul,full,1961,2020,9,41.3,32.9,17.67,11.7,23.78,-1.165
Cahul,full,1961,2020,10,34.1,21.3,11.38,6.46,16.43,-0.772
Cahul,full,1961,2020,11,33.5,20.2,5.59,0.56,10.61,-0.078
Cahul,full,1961,2020,12,33.7,22.7,0.74,-3.19,4.83,0.632
Cahul,p1,1961,1990,1,29.8,19.1,-1.31,-5.3,2.79,1.07
Cahul,p1,1961,1990,2,32.0,21.3,0.74,-3.2,4.71,1.276
Cahul,p1,1961,1990,3,30.5,19.7,5.58,0.65,10.57,1.071
Cahul,p1,1961,1990,4,32.6,20.3,12.48,6.55,18.57,0.519
Cahul,p1,1961,1990,5,53.0,38.5,17.37,11.36,23.41,-0.048
Cahul,p1,1961,1990,6,63.1,44.3,21.84,15.94,27.82,-0.507
Cahul,p1,1961,1990,7,51.7,28.2,23.83,17.92,29.81,-0.862
Cahul,p1,1961,1990,8,52.7,34.0,22.88,16.74,28.81,-1.124
Cahul,p1,1961,1990,9,33.7,19.3,17.66,11.6,23.77,-1.205
Cahul,p1,1961,1990,10,35.6,22.5,11.31,6.4,16.4,-0.767
Cahul,p1,1961,1990,11,30.9,17.1,5.39,0.28,10.44,-0.148
Cahul,p1,1961,1990,12,31.5,22.4,0.95,-2.99,4.95,0.607
Cahul,p2,1991,2020,1,30.0,26.4,-1.03,-5.03,2.85,1.172
Cahul,p2,1991,2020,2,27.2,22.1,0.57,-3.43,4.64,1.321
Cahul,p2,1991,2020,3,31.5,19.8,5.2,0.31,10.35,1.062
Cahul,p2,1991,2020,4,36.1,26.6,12.05,6.05,18.1,0.566
Cahul,p2,1991,2020,5,52.3,27.9,17.47,11.48,23.56,0.021
Cahul,p2,1991,2020,6,54.1,43.6,21.6,15.5,27.62,-0.539
Cahul,p2,1991,2020,7,57.8,37.5,23.86,17.84,29.97,-0.89
Cahul,p2,1991,2020,8,39.2,27.1,22.74,16.67,28.77,-1.262
Cahul,p2,1991,2020,9,49.0,41.3,17.68,11.8,23.79,-1.125
Cahul,p2,1991,2020,10,32.7,20.2,11.45,6.52,16.46,-0.778
Cahul,p2,1991,2020,11,36.2,22.9,5.8,0.84,10.78,-0.008
Cahul,p2,1991,2020,12,36.0,23.0,0.53,-3.39,4.71,0.656
Camenca,full,1961,2020,1,39.6,21.6,-3.18,-7.06,0.83,1.064
Camenca,full,1961,2020,2,28.0,18.7,-1.38,-5.28,2.66,1.187
Camenca,full,1961,2020,3,36.4,28.2,3.92,-0.95,8.96,1.073
Camenca,full,1961,2020,4,43.7,29.3,10.77,4.8,16.81,0.556
Camenca,full,1961,2020,5,51.5,33.9,15.9,9.88,21.96,-0.02
Camenca,full,1961,2020,6,78.8,49.6,19.75,13.8,25.78,-0.401
Camenca,full,1961,2020,7,66.4,46.1,22.01,16.04,27.99,-0.748
Camenca,full,1961,2020,8,55.0,36.3,21.23,15.27,27.23,-0.989
Camenca,full,1961,2020,9,47.2,32.3,16.34,10.35,22.42,-1.14
Camenca,full,1961,2020,10,34.1,21.1,10.16,5.2,15.17,-0.862
Camenca,full,1961,2020,11,35.6,24.1,3.89,-1.09,8.92,-0.163
Camenca,full,1961,2020,12,28.3,20.3,-1.24,-5.27,2.65,0.48
Camenca,p1,1961,1990,1,39.2,22.8,-3.41,-7.27,0.66,1.024
Camenca,p1,1961,1990,2,30.6,18.8,-1.28,-5.26,2.8,1.168
Camenca,p1,1961,1990,3,34.6,26.0,4.06,-0.87,9.06,1.068
Camenca,p1,1961,1990,4,45.4,36.8,10.57,4.7,16.66,0.584
Camenca,p1,1961,1990,5,48.2,30.8,15.58,9.63,21.65,-0.036
Camenca,p1,1961,1990,6,79.3,51.0,19.78,13.93,25.83,-0.388
Camenca,p1,1961,1990,7,73.9,49.0,21.97,16.03,27.86,-0.684
Camenca,p1,1961,1990,8,51.6,27.1,21.39,15.39,27.3,-0.949
Camenca,p1,1961,1990,9,43.5,25.1,16.43,10.43,22.49,-1.147
Camenca,p1,1961,1990,10,30.8,21.9,10.25,5.17,15.2,-0.985
Camenca,p1,1961,1990,11,36.3,26.8,4.1,-0.93,9.09,-0.248
Camenca,p1,1961,1990,12,24.4,15.0,-1.19,-5.19,2.67,0.4
Camenca,p2,1991,2020,1,40.1,20.8,-2.96,-6.85,1.01,1.103
Camenca,p2,1991,2020,2,25.4,18.4,-1.47,-5.31,2.52,1.204
Camenca,p2,1991,2020,3,38.2,30.5,3.78,-1.04,8.86,1.078
Camenca,p2,1991,2020,4,41.9,19.7,10.97,4.9,16.96,0.528
Camenca,p2,1991,2020,5,54.9,37.0,16.21,10.13,22.28,-0.004
Camenca,p2,1991,2020,6,78.4,49.0,19.72,13.66,25.73,-0.414
Camenca,p2,1991,2020,7,59.0,42.6,22.05,16.06,28.11,-0.812
Camenca,p2,1991,2020,8,58.3,43.8,21.07,15.14,27.16,-1.029
Camenca,p2,1991,2020,9,50.9,38.3,16.25,10.26,22.36,-1.134
Camenca,p2,1991,2020,10,37.3,20.2,10.08,5.23,15.14,-0.738
Camenca,p2,1991,2020,11,35.0,21.4,3.68,-1.24,8.75,-0.078
Camenca,p2,1991,2020,12,32.3,24.0,-1.3,-5.35,2.63,0.561
Ceadir-Lunga,full,1961,2020,1,33.8,25.0,-1.34,-5.38,2.64,1.159
Ceadir-Lunga,full,1961,2020,2,25.1,16.1,0.83,-3.22,4.8,1.259
Ceadir-Lunga,full,1961,2020,3,32.8,19.5,5.74,0.79,10.71,1.054
Ceadir-Lunga,full,1961,2020,4,39.5,26.6,12.81,6.83,18.74,0.504
Ceadir-Lunga,full,1961,2020,5,49.8,34.1,17.76,11.64,23.75,-0.05
Ceadir-Lunga,full,1961,2020,6,58.8,39.0,21.87,15.77,27.83,-0.571
Ceadir-Lunga,full,1961,2020,7,57.6,41.7,23.44,17.4,29.45,-0.905
Ceadir-Lunga,full,1961,2020,8,47.5,35.1,22.45,16.47,28.42,-1.15
Ceadir-Lunga,full,1961,2020,9,43.5,29.3,17.53,11.51,23.49,-1.089
Ceadir-Lunga,full,1961,2020,10,34.4,22.5,11.54,6.58,16.44,-0.743
Ceadir-Lunga,full,1961,2020,11,35.1,26.9,5.51,0.5,10.49,-0.053
Ceadir-Lunga,full,1961,2020,12,31.5,18.5,0.53,-3.51,4.53,0.624
Ceadir-Lunga,p1,1961,1990,1,36.0,25.2,-1.29,-5.32,2.62,1.247
Ceadir-Lunga,p1,1961,1990,2,25.4,17.1,0.95,-3.08,4.96,1.328
Ceadir-Lunga,p1,1961,1990,3,30.6,15.8,5.77,0.7,10.68,1.055
Ceadir-Lunga,p1,1961,1990,4,48.0,29.9,12.86,6.93,18.79,0.561
Ceadir-Lunga,p1,1961,1990,5,58.0,37.6,17.92,11.76,23.98,0.078
Ceadir-Lunga,p1,1961,1990,6,58.5,38.4,21.83,15.74,27.82,-0.422
Ceadir-Lunga,p1,1961,1990,7,62.4,41.4,23.28,17.19,29.35,-0.782
Ceadir-Lunga,p1,1961,1990,8,37.3,30.1,22.25,16.28,28.26,-1.186
Ceadir-Lunga,p1,1961,1990,9,40.2,26.9,17.66,11.66,23.6,-1.162
Ceadir-Lunga,p1,1961,1990,10,36.2,26.2,11.51,6.63,16.47,-0.85
Ceadir-Lunga,p1,1961,1990,11,40.3,31.7,5.43,0.59,10.38,-0.018
Ceadir-Lunga,p1,1961,1990,12,35.7,19.5,0.27,-3.67,4.4,0.743
Ceadir-Lunga,p2,1991,2020,1,31.7,24.9,-1.39,-5.44,2.67,1.074
Ceadir-Lunga,p2,1991,2020,2,24.9,15.4,0.71,-3.37,4.64,1.192
Ceadir-Lunga,p2,1991,2020,3,35.0,22.6,5.72,0.87,10.75,1.053
Ceadir-Lunga,p2,1991,2020,4,31.0,19.9,12.76,6.73,18.69,0.447
Ceadir-Lunga,p2,1991,2020,5,41.5,28.3,17.59,11.53,23.52,-0.177
Ceadir-Lunga,p2,1991,2020,6,59.1,40.3,21.92,15.79,27.84,-0.719
Ceadir-Lunga,p2,1991,2020,7,52.8,42.2,23.59,17.61,29.55,-1.028
Ceadir-Lunga,p2,1991,2020,8,57.8,37.3,22.65,16.66,28.57,-1.114
Ceadir-Lunga,p2,1991,2020,9,46.8,31.7,17.41,11.36,23.39,-1.016
Ceadir-Lunga,p2,1991,2020,10,32.6,18.4,11.58,6.54,16.42,-0.635
Ceadir-Lunga,p2,1991,2020,11,29.9,20.1,5.59,0.41,10.6,-0.087
Ceadir-Lunga,p2,1991,2020,12,27.2,16.6,0.8,-3.34,4.66,0.506
Chisinau,full,1961,2020,1,39.2,27.4,-2.72,-6.77,1.26,1.094
Chisinau,full,1961,2020,2,28.2,16.1,-1.11,-5.01,2.92,1.167
Chisinau,full,1961,2020,3,36.8,21.4,4.04,-0.96,9.05,1.042
Chisinau,full,1961,2020,4,38.8,30.9,11.31,5.16,17.23,0.494
Chisinau,full,1961,2020,5,52.5,38.2,15.92,9.83,21.99,-0.027
Chisinau,full,1961,2020,6,72.8,67.3,20.14,14.12,26.14,-0.457
Chisinau,full,1961,2020,7,57.9,42.3,22.13,16.16,28.1,-0.794
Chisinau,full,1961,2020,8,56.0,39.0,21.17,15.16,27.17,-1.013
Chisinau,full,1961,2020,9,37.8,27.1,16.11,10.08,22.21,-1.156
Chisinau,full,1961,2020,10,36.2,23.4,9.92,4.93,14.9,-0.776
Chisinau,full,1961,2020,11,38.6,23.6,3.99,-0.99,9.02,-0.116
Chisinau,full,1961,2020,12,31.2,23.3,-0.74,-4.89,3.33,0.579
Chisinau,p1,1961,1990,1,36.7,28.2,-2.81,-6.83,1.21,0.99
Chisinau,p1,1961,1990,2,28.1,16.0,-0.74,-4.57,3.33,1.094
Chisinau,p1,1961,1990,3,35.0,20.5,4.24,-0.83,9.15,0.984
Chisinau,p1,1961,1990,4,40.4,30.5,11.12,4.94,17.08,0.485
Chisinau,p1,1961,1990,5,58.1,40.6,15.94,9.75,21.97,0.023
Chisinau,p1,1961,1990,6,78.5,86.9,20.24,14.18,26.18,-0.329
Chisinau,p1,1961,1990,7,56.2,42.5,22.09,16.15,28.12,-0.705
Chisinau,p1,1961,1990,8,49.8,37.7,21.54,15.52,27.51,-1.055
Chisinau,p1,1961,1990,9,43.3,26.0,16.27,10.23,22.36,-1.203
Chisinau,p1,1961,1990,10,35.0,21.6,9.74,4.78,14.81,-0.812
Chisinau,p1,1961,1990,11,35.0,22.1,3.77,-1.25,8.75,-0.098
Chisinau,p1,1961,1990,12,27.4,22.2,-0.66,-4.78,3.42,0.513
Chisinau,p2,1991,2020,1,41.8,26.8,-2.63,-6.71,1.32,1.195
Chisinau,p2,1991,2020,2,28.4,16.5,-1.48,-5.45,2.5,1.238
Chisinau,p2,1991,2020,3,38.6,22.5,3.84,-1.08,8.96,1.1
Chisinau,p2,1991,2020,4,37.2,31.7,11.5,5.38,17.38,0.503
Chisinau,p2,1991,2020,5,47.0,35.4,15.91,9.9,22.0,-0.077
Chisinau,p2,1991,2020,6,67.1,40.1,20.05,14.05,26.09,-0.585
Chisinau,p2,1991,2020,7,59.7,42.8,22.17,16.17,28.07,-0.882
Chisinau,p2,1991,2020,8,62.3,39.9,20.8,14.81,26.83,-0.97
Chisinau,p2,1991,2020,9,32.3,27.3,15.95,9.93,22.06,-1.108
Chisinau,p2,1991,2020,10,37.4,25.4,10.1,5.08,14.99,-0.74
Chisinau,p2,1991,2020,11,42.2,24.8,4.22,-0.73,9.29,-0.135
Chisinau,p2,1991,2020,12,35.0,24.1,-0.81,-4.99,3.23,0.645
Comrat,full,1961,2020,1,38.1,31.5,-1.54,-5.58,2.48,1.17
Comrat,full,1961,2020,2,28.2,16.5,0.23,-3.71,4.22,1.288
Comrat,full,1961,2020,3,31.2,25.1,5.54,0.6,10.47,1.063
Comrat,full,1961,2020,4,35.8,23.3,12.75,6.72,18.64,0.467
Comrat,full,1961,2020,5,46.0,30.8,17.87,11.91,23.74,-0.149
Comrat,full,1961,2020,6,64.1,49.3,21.41,15.43,27.54,-0.572
Comrat,full,1961,2020,7,60.0,39.1,23.28,17.36,29.27,-0.832
Comrat,full,1961,2020,8,48.4,29.9,22.84,16.8,28.86,-1.037
Comrat,full,1961,2020,9,37.4,26.1,17.34,11.41,23.31,-1.095
Comrat,full,1961,2020,10,33.4,25.1,11.26,6.21,16.26,-0.79
Comrat,full,1961,2020,11,36.9,29.7,5.17,0.2,10.17,-0.089
Comrat,full,1961,2020,12,32.0,29.4,0.35,-3.59,4.43,0.615
Comrat,p1,1961,1990,1,38.4,37.9,-1.6,-5.5,2.46,1.121
Comrat,p1,1961,1990,2,26.5,15.9,0.17,-3.72,4.14,1.282
Comrat,p1,1961,1990,3,32.3,28.2,5.19,0.27,10.13,1.077
Comrat,p1,1961,1990,4,34.0,26.8,12.9,6.9,18.76,0.455
Comrat,p1,1961,1990,5,41.4,27.2,18.09,12.11,23.87,-0.198
Comrat,p1,1961,1990,6,69.2,49.9,21.43,15.48,27.53,-0.602
Comrat,p1,1961,1990,7,60.1,37.1,23.25,17.28,29.28,-0.836
Comrat,p1,1961,1990,8,45.5,31.2,22.85,16.83,28.91,-1.016
Comrat,p1,1961,1990,9,39.8,30.2,17.31,11.46,23.3,-1.096
Comrat,p1,1961,1990,10,32.4,23.1,11.52,6.5,16.49,-0.814
Comrat,p1,1961,1990,11,31.7,19.3,5.19,0.24,10.22,-0.134
Comrat,p1,1961,1990,12,31.7,33.3,0.27,-3.69,4.34,0.545
Comrat,p2,1991,2020,1,37.8,24.2,-1.48,-5.66,2.51,1.218
Comrat,p2,1991,2020,2,29.8,17.1,0.28,-3.7,4.3,1.294
Comrat,p2,1991,2020,3,30.2,21.9,5.89,0.94,10.81,1.049
Comrat,p2,1991,2020,4,37.5,19.4,12.6,6.54,18.53,0.479
Comrat,p2,1991,2020,5,50.7,33.8,17.65,11.71,23.61,-0.099
Comrat,p2,1991,2020,6,59.0,48.9,21.38,15.37,27.55,-0.543
Comrat,p2,1991,2020,7,60.0,41.7,23.32,17.45,29.27,-0.827
Comrat,p2,1991,2020,8,51.3,28.7,22.83,16.77,28.81,-1.058
Comrat,p2,1991,2020,9,34.9,21.5,17.38,11.36,23.32,-1.094
Comrat,p2,1991,2020,10,34.5,27.3,11.01,5.93,16.04,-0.766
Comrat,p2,1991,2020,11,42.1,37.0,5.14,0.17,10.13,-0.043
Comrat,p2,1991,2020,12,32.3,25.6,0.44,-3.49,4.51,0.686
Cornesti,full,1961,2020,1,37.6,26.7,-3.24,-7.23,0.74,1.156
Cornesti,full,1961,2020,2,28.5,19.8,-1.19,-5.22,2.73,1.187
Cornesti,full,1961,2020,3,27.5,19.9,4.12,-0.94,9.04,0.991
Cornesti,full,1961,2020,4,38.7,25.5,11.0,5.07,16.84,0.452
Cornesti,full,1961,2020,5,58.6,46.4,15.74,9.79,21.71,-0.023
Cornesti,full,1961,2020,6,60.7,37.7,19.67,13.74,25.69,-0.469
Cornesti,full,1961,2020,7,66.6,49.1,21.88,15.83,27.87,-0.734
Cornesti,full,1961,2020,8,50.6,39.5,21.01,15.05,27.0,-1.078
Cornesti,full,1961,2020,9,39.1,21.4,16.05,10.06,21.95,-1.114
Cornesti,full,1961,2020,10,33.1,16.9,10.11,5.15,15.19,-0.861
Cornesti,full,1961,2020,11,42.5,32.0,3.81,-1.17,8.82,-0.082
Cornesti,full,1961,2020,12,29.8,19.6,-1.17,-5.07,2.97,0.614
Cornesti,p1,1961,1990,1,34.9,26.3,-3.09,-7.16,0.83,1.117
Cornesti,p1,1961,1990,2,29.3,20.7,-1.38,-5.42,2.56,1.173
Cornesti,p1,1961,1990,3,26.7,20.8,3.83,-1.22,8.76,0.977
Cornesti,p1,1961,1990,4,40.6,23.9,11.17,5.29,16.99,0.476
Cornesti,p1,1961,1990,5,61.0,43.9,15.61,9.77,21.57,0.023
Cornesti,p1,1961,1990,6,60.5,39.3,19.53,13.6,25.6,-0.424
Cornesti,p1,1961,1990,7,77.3,61.5,21.75,15.68,27.76,-0.586
Cornesti,p1,1961,1990,8,47.3,28.9,21.09,15.04,27.09,-0.997
Cornesti,p1,1961,1990,9,35.7,21.0,15.96,9.93,21.92,-1.066
Cornesti,p1,1961,1990,10,32.9,15.4,10.23,5.28,15.39,-0.935
Cornesti,p1,1961,1990,11,40.3,33.5,3.91,-1.13,8.89,-0.146
Cornesti,p1,1961,1990,12,33.2,21.6,-1.01,-4.94,3.22,0.609
Cornesti,p2,1991,2020,1,40.3,27.1,-3.38,-7.31,0.66,1.193
Cornesti,p2,1991,2020,2,27.7,19.1,-1.0,-5.03,2.9,1.201
Cornesti,p2,1991,2020,3,28.4,19.2,4.4,-0.65,9.32,1.006
Cornesti,p2,1991,2020,4,36.8,27.2,10.84,4.85,16.69,0.429
Cornesti,p2,1991,2020,5,56.3,49.5,15.87,9.8,21.85,-0.07
Cornesti,p2,1991,2020,6,61.0,36.7,19.81,13.88,25.79,-0.515
Cornesti,p2,1991,2020,7,56.0,29.9,22.02,15.98,27.98,-0.882
Cornesti,p2,1991,2020,8,53.8,48.2,20.93,15.07,26.92,-1.16
Cornesti,p2,1991,2020,9,42.4,21.7,16.13,10.19,21.98,-1.162
Cornesti,p2,1991,2020,10,33.3,18.6,9.99,5.02,15.0,-0.787
Cornesti,p2,1991,2020,11,44.7,30.9,3.72,-1.21,8.74,-0.018
Cornesti,p2,1991,2020,12,26.5,17.0,-1.33,-5.2,2.72,0.62
Dubasari,full,1961,2020,1,35.9,24.0,-3.17,-7.21,0.79,1.076
Dubasari,full,1961,2020,2,33.8,22.3,-1.08,-5.08,2.98,1.211
Dubasari,full,1961,2020,3,35.0,23.8,3.68,-1.26,8.73,1.014
Dubasari,full,1961,2020,4,40.1,30.3,11.24,5.23,17.07,0.496
Dubasari,full,1961,2020,5,54.5,37.3,15.96,10.09,22.0,-0.083
Dubasari,full,1961,2020,6,71.8,47.3,20.04,13.99,26.01,-0.532
Dubasari,full,1961,2020,7,83.2,52.3,22.37,16.33,28.3,-0.657
Dubasari,full,1961,2020,8,59.5,38.7,21.03,15.14,27.02,-0.86
Dubasari,full,1961,2020,9,37.0,24.4,16.11,10.13,22.14,-1.011
Dubasari,full,1961,2020,10,32.9,22.3,10.09,5.09,15.01,-0.901
Dubasari,full,1961,2020,11,41.6,30.2,4.46,-0.51,9.31,-0.252
Dubasari,full,1961,2020,12,37.2,24.5,-0.68,-4.79,3.28,0.536
Dubasari,p1,1961,1990,1,36.8,19.1,-3.48,-7.55,0.51,1.042
Dubasari,p1,1961,1990,2,37.1,19.4,-1.11,-5.15,2.94,1.274
Dubasari,p1,1961,1990,3,34.3,18.5,3.81,-1.13,8.79,1.044
Dubasari,p1,1961,1990,4,36.8,24.3,11.56,5.46,17.39,0.466
Dubasari,p1,1961,1990,5,53.1,34.8,15.95,10.13,22.01,-0.158
Dubasari,p1,1961,1990,6,70.3,52.4,19.79,13.82,25.64,-0.597
Dubasari,p1,1961,1990,7,81.4,51.9,22.21,16.23,28.14,-0.684
Dubasari,p1,1961,1990,8,61.5,45.4,21.31,15.48,27.31,-0.867
Dubasari,p1,1961,1990,9,35.9,21.6,16.39,10.38,22.42,-1.042
Dubasari,p1,1961,1990,10,31.4,25.0,10.36,5.32,15.22,-0.949
Dubasari,p1,1961,1990,11,34.7,23.0,4.52,-0.53,9.37,-0.378
Dubasari,p1,1961,1990,12,38.2,25.7,-0.76,-4.93,3.18,0.449
Dubasari,p2,1991,2020,1,35.0,28.4,-2.87,-6.86,1.08,1.109
Dubasari,p2,1991,2020,2,30.5,24.8,-1.05,-5.01,3.01,1.151
Dubasari,p2,1991,2020,3,35.7,28.5,3.55,-1.4,8.67,0.984
Dubasari,p2,1991,2020,4,43.5,35.4,10.93,5.0,16.75,0.526
Dubasari,p2,1991,2020,5,55.9,40.2,15.97,10.05,21.98,-0.008
Dubasari,p2,1991,2020,6,73.3,42.4,20.3,14.16,26.38,-0.466
Dubasari,p2,1991,2020,7,85.1,53.5,22.53,16.42,28.46,-0.63
Dubasari,p2,1991,2020,8,57.6,31.1,20.75,14.81,26.73,-0.853
Dubasari,p2,1991,2020,9,38.2,27.2,15.83,9.89,21.86,-0.981
Dubasari,p2,1991,2020,10,34.4,19.5,9.82,4.86,14.8,-0.853
Dubasari,p2,1991,2020,11,48.6,34.9,4.41,-0.48,9.24,-0.126
Dubasari,p2,1991,2020,12,36.2,23.7,-0.61,-4.65,3.38,0.624
Falesti,full,1961,2020,1,38.1,25.6,-2.97,-6.99,1.04,1.124
Falesti,full,1961,2020,2,30.3,20.0,-1.37,-5.32,2.6,1.19
Falesti,full,1961,2020,3,32.3,23.1,3.47,-1.5,8.47,0.973
Falesti,full,1961,2020,4,40.7,27.8,11.03,5.06,17.03,0.461
Falesti,full,1961,2020,5,52.2,36.2,15.84,9.74,21.9,-0.086
Falesti,full,1961,2020,6,66.5,41.5,20.3,14.21,26.27,-0.572
Falesti,full,1961,2020,7,78.3,47.9,21.82,15.87,27.83,-0.731
Falesti,full,1961,2020,8,53.9,31.1,20.68,14.7,26.73,-0.95
Falesti,full,1961,2020,9,42.1,32.2,15.95,9.98,21.89,-0.975
Falesti,full,1961,2020,10,32.4,22.5,9.9,4.88,14.86,-0.842
Falesti,full,1961,2020,11,42.7,27.3,4.04,-1.05,9.01,-0.14
Falesti,full,1961,2020,12,38.0,29.1,-1.15,-5.16,2.91,0.588
Falesti,p1,1961,1990,1,44.6,26.6,-2.92,-6.98,1.08,1.192
Falesti,p1,1961,1990,2,29.9,20.3,-1.48,-5.44,2.49,1.231
Falesti,p1,1961,1990,3,27.9,22.2,3.25,-1.68,8.21,0.999
Falesti,p1,1961,1990,4,35.4,25.8,10.73,4.72,16.74,0.388
Falesti,p1,1961,1990,5,49.9,36.2,15.71,9.57,21.8,-0.172
Falesti,p1,1961,1990,6,63.8,35.0,20.16,14.08,26.16,-0.643
Falesti,p1,1961,1990,7,76.8,42.0,22.25,16.28,28.21,-0.801
Falesti,p1,1961,1990,8,56.2,34.2,20.95,14.84,26.9,-0.995
Falesti,p1,1961,1990,9,44.7,37.9,16.13,10.2,22.08,-0.985
Falesti,p1,1961,1990,10,35.4,26.4,9.92,4.91,14.82,-0.788
Falesti,p1,1961,1990,11,45.0,33.0,4.16,-0.99,9.11,-0.079
Falesti,p1,1961,1990,12,34.7,36.3,-1.02,-5.02,3.1,0.599
Falesti,p2,1991,2020,1,31.7,23.2,-3.01,-7.01,0.99,1.058
Falesti,p2,1991,2020,2,30.8,20.1,-1.25,-5.21,2.71,1.149
Falesti,p2,1991,2020,3,36.7,23.4,3.68,-1.32,8.73,0.948
Falesti,p2,1991,2020,4,45.9,29.1,11.34,5.39,17.31,0.534
Falesti,p2,1991,2020,5,54.5,36.6,15.98,9.91,22.0,-0.001
Falesti,p2,1991,2020,6,69.2,47.6,20.44,14.35,26.38,-0.501
Falesti,p2,1991,2020,7,79.7,53.9,21.38,15.45,27.44,-0.661
Falesti,p2,1991,2020,8,51.6,28.0,20.41,14.56,26.56,-0.905
Falesti,p2,1991,2020,9,39.5,25.6,15.76,9.76,21.71,-0.966
Falesti,p2,1991,2020,10,29.4,17.9,9.87,4.86,14.89,-0.895
Falesti,p2,1991,2020,11,40.4,20.5,3.93,-1.12,8.91,-0.201
Falesti,p2,1991,2020,12,41.3,19.6,-1.29,-5.29,2.73,0.576
Leova,full,1961,2020,1,35.9,23.0,-1.38,-5.42,2.65,1.211
Leova,full,1961,2020,2,22.2,14.6,0.59,-3.45,4.62,1.335
Leova,full,1961,2020,3,28.2,20.2,5.45,0.43,10.48,1.094
Leova,full,1961,2020,4,35.4,24.1,12.11,6.1,18.12,0.511
Leova,full,1961,2020,5,47.5,30.5,17.44,11.38,23.46,-0.04
Leova,full,1961,2020,6,63.6,45.9,21.8,15.83,27.64,-0.486
Leova,full,1961,2020,7,53.4,42.4,23.94,17.85,29.87,-0.881
Leova,full,1961,2020,8,50.8,33.0,22.62,16.52,28.54,-1.099
Leova,full,1961,2020,9,37.2,23.5,17.6,11.5,23.59,-1.151
Leova,full,1961,2020,10,26.7,15.6,11.77,6.68,16.69,-0.823
Leova,full,1961,2020,11,32.8,26.0,5.74,0.7,10.66,-0.183
Leova,full,1961,2020,12,30.4,19.0,0.53,-3.37,4.41,0.554
Leova,p1,1961,1990,1,34.8,24.0,-1.38,-5.53,2.63,1.207
Leova,p1,1961,1990,2,21.1,12.9,0.39,-3.73,4.49,1.323
Leova,p1,1961,1990,3,25.3,19.6,5.36,0.33,10.43,1.057
Leova,p1,1961,1990,4,36.8,28.5,12.07,6.04,18.12,0.499
Leova,p1,1961,1990,5,51.6,35.8,17.22,11.12,23.27,0.002
Leova,p1,1961,1990,6,68.4,48.3,21.8,15.86,27.63,-0.375
Leova,p1,1961,1990,7,56.4,47.4,24.08,17.98,30.0,-0.763
Leova,p1,1961,1990,8,56.1,36.8,22.63,16.53,28.54,-0.981
Leova,p1,1961,1990,9,41.1,24.8,17.44,11.39,23.43,-1.034
Leova,p1,1961,1990,10,26.6,16.9,11.77,6.76,16.63,-0.729
Leova,p1,1961,1990,11,33.1,33.4,5.53,0.57,10.46,-0.127
Leova,p1,1961,1990,12,30.6,20.5,0.45,-3.4,4.29,0.567
Leova,p2,1991,2020,1,37.1,22.3,-1.38,-5.31,2.67,1.215
Leova,p2,1991,2020,2,23.4,16.3,0.79,-3.17,4.75,1.347
Leova,p2,1991,2020,3,31.2,20.7,5.55,0.52,10.52,1.132
Leova,p2,1991,2020,4,34.0,19.0,12.14,6.15,18.11,0.524
Leova,p2,1991,2020,5,43.3,24.2,17.66,11.65,23.65,-0.081
Leova,p2,1991,2020,6,58.9,43.7,21.8,15.8,27.65,-0.597
Leova,p2,1991,2020,7,50.4,37.2,23.79,17.71,29.74,-0.999
Leova,p2,1991,2020,8,45.5,28.4,22.62,16.52,28.53,-1.217
Leova,p2,1991,2020,9,33.3,21.9,17.76,11.61,23.76,-1.269
Leova,p2,1991,2020,10,26.9,14.4,11.76,6.6,16.76,-0.916
Leova,p2,1991,2020,11,32.6,16.3,5.96,0.84,10.87,-0.239
Leova,p2,1991,2020,12,30.3,17.7,0.61,-3.34,4.53,0.541
Rabnita,full,1961,2020,1,30.3,22.2,-2.68,-6.76,1.22,1.104
Rabnita,full,1961,2020,2,33.1,21.2,-1.11,-5.11,2.92,1.224
Rabnita,full,1961,2020,3,33.3,24.2,3.98,-1.11,9.09,1.016
Rabnita,full,1961,2020,4,36.5,25.4,11.17,5.08,17.1,0.511
Rabnita,full,1961,2020,5,45.0,30.3,16.03,10.09,22.05,-0.174
Rabnita,full,1961,2020,6,78.0,47.1,20.17,14.13,26.11,-0.544
Rabnita,full,1961,2020,7,60.8,31.8,21.9,15.86,27.94,-0.844
Rabnita,full,1961,2020,8,51.1,36.9,20.59,14.63,26.5,-1.014
Rabnita,full,1961,2020,9,43.5,25.6,15.76,9.75,21.89,-1.142
Rabnita,full,1961,2020,10,37.9,30.4,9.82,4.94,14.81,-0.759
Rabnita,full,1961,2020,11,39.6,28.0,3.8,-1.14,8.85,-0.02
Rabnita,full,1961,2020,12,35.5,24.8,-0.79,-4.74,3.23,0.681
Rabnita,p1,1961,1990,1,29.7,27.2,-3.16,-7.11,0.79,1.07
Rabnita,p1,1961,1990,2,36.0,21.1,-1.4,-5.36,2.62,1.258
Rabnita,p1,1961,1990,3,31.7,18.5,3.9,-1.09,9.08,1.035
Rabnita,p1,1961,1990,4,33.5,19.3,10.93,4.85,16.86,0.516
Rabnita,p1,1961,1990,5,48.5,31.2,16.22,10.32,22.3,-0.18
Rabnita,p1,1961,1990,6,83.3,54.7,20.24,14.22,26.19,-0.487
Rabnita,p1,1961,1990,7,58.5,33.1,21.89,15.78,27.87,-0.79
Rabnita,p1,1961,1990,8,53.0,31.5,20.56,14.63,26.55,-0.967
Rabnita,p1,1961,1990,9,42.2,21.6,15.35,9.29,21.54,-1.136
Rabnita,p1,1961,1990,10,36.1,27.2,9.61,4.75,14.77,-0.739
Rabnita,p1,1961,1990,11,36.6,20.3,3.99,-0.98,9.08,-0.06
Rabnita,p1,1961,1990,12,35.2,23.2,-0.98,-4.88,2.99,0.635
Rabnita,p2,1991,2020,1,31.0,16.3,-2.19,-6.42,1.65,1.137
Rabnita,p2,1991,2020,2,30.3,21.3,-0.81,-4.86,3.22,1.191
Rabnita,p2,1991,2020,3,35.0,29.0,4.06,-1.12,9.11,0.998
Rabnita,p2,1991,2020,4,39.5,30.4,11.41,5.32,17.33,0.506
Rabnita,p2,1991,2020,5,41.5,29.4,15.84,9.86,21.8,-0.169
Rabnita,p2,1991,2020,6,72.8,38.3,20.09,14.05,26.03,-0.602
Rabnita,p2,1991,2020,7,63.0,30.8,21.91,15.94,28.01,-0.898
Rabnita,p2,1991,2020,8,49.3,42.1,20.61,14.63,26.45,-1.061
Rabnita,p2,1991,2020,9,44.7,29.3,16.18,10.21,22.24,-1.148
Rabnita,p2,1991,2020,10,39.8,33.7,10.02,5.13,14.85,-0.779
Rabnita,p2,1991,2020,11,42.6,34.2,3.62,-1.3,8.63,0.019
Rabnita,p2,1991,2020,12,35.8,26.7,-0.61,-4.59,3.47,0.728
Soroca,full,1961,2020,1,31.8,20.4,-2.9,-6.88,1.15,1.076
Soroca,full,1961,2020,2,31.6,17.7,-1.09,-5.09,2.92,1.229
Soroca,full,1961,2020,3,36.1,23.9,3.86,-1.15,8.91,0.996
Soroca,full,1961,2020,4,40.8,23.0,10.69,4.7,16.72,0.554
Soroca,full,1961,2020,5,58.1,38.3,15.9,9.89,21.92,0.036
Soroca,full,1961,2020,6,84.0,53.5,19.92,13.91,25.99,-0.287
Soroca,full,1961,2020,7,57.9,33.7,22.13,16.03,28.24,-0.686
Soroca,full,1961,2020,8,50.4,35.6,21.06,14.99,27.15,-1.02
Soroca,full,1961,2020,9,36.2,23.2,15.96,9.96,21.99,-1.299
Soroca,full,1961,2020,10,33.3,25.1,9.72,4.61,14.64,-0.925
Soroca,full,1961,2020,11,34.8,25.4,4.08,-0.95,9.16,-0.234
Soroca,full,1961,2020,12,41.1,29.2,-0.86,-4.84,3.12,0.599
Soroca,p1,1961,1990,1,28.7,14.1,-2.49,-6.52,1.55,0.933
Soroca,p1,1961,1990,2,31.6,17.5,-0.96,-4.93,3.08,1.142
Soroca,p1,1961,1990,3,36.9,24.4,3.71,-1.22,8.79,0.981
Soroca,p1,1961,1990,4,38.7,23.9,10.36,4.33,16.5,0.565
Soroca,p1,1961,1990,5,62.0,38.8,16.01,9.9,22.05,0.082
Soroca,p1,1961,1990,6,75.7,52.3,19.75,13.74,25.89,-0.332
Soroca,p1,1961,1990,7,64.0,32.3,22.32,16.22,28.44,-0.675
Soroca,p1,1961,1990,8,45.1,37.8,20.79,14.74,26.85,-1.081
Soroca,p1,1961,1990,9,40.4,25.8,15.92,9.88,22.05,-1.242
Soroca,p1,1961,1990,10,30.8,24.1,9.53,4.51,14.37,-0.936
Soroca,p1,1961,1990,11,31.5,25.1,4.35,-0.64,9.48,-0.253
Soroca,p1,1961,1990,12,36.9,17.9,-0.86,-4.86,3.1,0.496
Soroca,p2,1991,2020,1,35.0,25.0,-3.32,-7.23,0.75,1.213
Soroca,p2,1991,2020,2,31.6,18.1,-1.22,-5.24,2.77,1.313
Soroca,p2,1991,2020,3,35.3,23.8,4.01,-1.08,9.02,1.012
Soroca,p2,1991,2020,4,42.8,22.3,11.02,5.07,16.93,0.543
Soroca,p2,1991,2020,5,54.2,38.1,15.8,9.88,21.79,-0.009
Soroca,p2,1991,2020,6,92.3,54.2,20.08,14.09,26.09,-0.242
Soroca,p2,1991,2020,7,51.7,34.5,21.93,15.84,28.04,-0.697
Soroca,p2,1991,2020,8,55.7,33.0,21.34,15.24,27.45,-0.958
Soroca,p2,1991,2020,9,32.0,20.0,16.0,10.04,21.92,-1.356
Soroca,p2,1991,2020,10,35.9,26.2,9.91,4.7,14.91,-0.914
Soroca,p2,1991,2020,11,38.0,25.8,3.81,-1.26,8.83,-0.216
Soroca,p2,1991,2020,12,45.2,37.2,-0.87,-4.82,3.15,0.701
Tiraspol,full,1961,2020,1,33.6,21.7,-1.61,-5.6,2.44,1.119
Tiraspol,full,1961,2020,2,28.7,20.8,0.65,-3.34,4.67,1.233
Tiraspol,full,1961,2020,3,30.4,17.1,5.31,0.31,10.4,1.037
Tiraspol,full,1961,2020,4,34.3,25.0,12.19,6.24,18.11,0.464
Tiraspol,full,1961,2020,5,49.2,36.3,17.26,11.32,23.3,-0.119
Tiraspol,full,1961,2020,6,66.0,42.4,21.72,15.66,27.59,-0.566
Tiraspol,full,1961,2020,7,57.1,41.7,23.69,17.68,29.65,-0.901
Tiraspol,full,1961,2020,8,60.4,47.8,22.3,16.3,28.38,-1.036
Tiraspol,full,1961,2020,9,46.4,39.6,17.28,11.41,23.24,-1.01
Tiraspol,full,1961,2020,10,28.9,19.5,11.13,6.18,16.2,-0.677
Tiraspol,full,1961,2020,11,38.1,26.6,5.16,0.25,10.22,-0.066
Tiraspol,full,1961,2020,12,29.0,19.8,0.19,-3.71,4.22,0.56
Tiraspol,p1,1961,1990,1,33.6,22.6,-1.79,-5.69,2.28,1.15
Tiraspol,p1,1961,1990,2,29.3,19.2,0.76,-3.23,4.76,1.222
Tiraspol,p1,1961,1990,3,30.3,18.2,5.22,0.2,10.24,1.049
Tiraspol,p1,1961,1990,4,36.3,25.7,11.94,5.95,17.8,0.503
Tiraspol,p1,1961,1990,5,56.8,44.7,17.2,11.34,23.27,-0.009
Tiraspol,p1,1961,1990,6,64.4,38.1,21.47,15.38,27.35,-0.463
Tiraspol,p1,1961,1990,7,50.6,33.2,23.47,17.34,29.45,-0.881
Tiraspol,p1,1961,1990,8,58.8,43.9,22.1,16.11,28.26,-1.097
Tiraspol,p1,1961,1990,9,47.7,34.7,17.19,11.37,23.16,-1.051
Tiraspol,p1,1961,1990,10,28.3,19.2,11.2,6.28,16.29,-0.676
Tiraspol,p1,1961,1990,11,41.0,30.0,5.08,0.17,10.24,-0.027
Tiraspol,p1,1961,1990,12,27.3,21.7,-0.09,-3.99,4.03,0.569
Tiraspol,p2,1991,2020,1,33.5,21.1,-1.44,-5.51,2.6,1.089
Tiraspol,p2,1991,2020,2,28.1,22.6,0.55,-3.46,4.58,1.243
Tiraspol,p2,1991,2020,3,30.5,16.2,5.4,0.42,10.57,1.026
Tiraspol,p2,1991,2020,4,32.3,24.5,12.43,6.53,18.42,0.426
Tiraspol,p2,1991,2020,5,41.7,23.8,17.31,11.29,23.33,-0.228
Tiraspol,p2,1991,2020,6,67.6,46.9,21.98,15.94,27.83,-0.669
Tiraspol,p2,1991,2020,7,63.6,48.6,23.92,18.02,29.85,-0.92
Tiraspol,p2,1991,2020,8,62.0,52.1,22.5,16.49,28.49,-0.974
Tiraspol,p2,1991,2020,9,45.1,44.4,17.37,11.46,23.32,-0.969
Tiraspol,p2,1991,2020,10,29.6,20.0,11.05,6.09,16.11,-0.677
Tiraspol,p2,1991,2020,11,35.3,22.9,5.25,0.33,10.2,-0.105
Tiraspol,p2,1991,2020,12,30.7,17.9,0.48,-3.43,4.41,0.55
